bldg_num,name,legal_name,abbr,campus,address,type,TRI_BLDG_T,TRI_TRITEN,TRI_YEAR_O,TRI_DATE_O,TRI_YEAR_L,mortenson_dates,ada,nrhp_status,gross_sqft,assignable_sqft,net_sqft,structural_sqft,usable_sqft,BLDG_DETAI,BLDG_PHOTO,women_restrooms,men_restrooms,undesignated_restrooms,classrooms,laboratories,offices_spaces,study_facilities,bins_bottles_and_cans,bins_compost,bins_paper,bins_trash_only
332,Cattle Feeding Shed No 1,Cattle Feeding Shed No. 1,CFS1,St. Paul Campus,"1894 Buford Place, Saint Paul 55108",Academic / Administration,Agricultural,Owned,1920,1/1/20,NA,NA,Partially Accessible,NA,6031.25,5767.38,0,263.88,5767.38,http://campusmaps.umn.edu/cattle-feeding-shed-no-1,http://egis.umn.edu/building_photos/02-332.jpg,NA,NA,NA,0,0,0,0,NA,NA,NA,NA
333,Cattle Feeding Shed No 2,Cattle Feeding Shed No. 2,CFS2,St. Paul Campus,"1896 Buford Place, Saint Paul 55108",Academic / Administration,Agricultural,Owned,1915,1/1/15,NA,NA,Partially Accessible,NA,6031.25,5767.38,0,263.88,5767.38,http://campusmaps.umn.edu/cattle-feeding-shed-no-2,http://egis.umn.edu/building_photos/02-333.jpg,NA,NA,NA,0,0,0,0,NA,NA,NA,NA
302,Beef Cattle Barn,Beef Cattle Barn,BCB,St. Paul Campus,"1920 Buford Place, Saint Paul 55108",Academic / Administration,Agricultural,Owned,1917,1/1/17,NA,NA,Partially Accessible,ELIGIBLE,23774.92,21235.8,1015.78,1523.34,22251.58,http://campusmaps.umn.edu/beef-cattle-barn,http://egis.umn.edu/building_photos/site-building/02-302.jpg,NA,NA,NA,0,0,2,0,NA,NA,NA,NA
343,Botany Field House,Botany Field House,BFH,St. Paul Campus,"2033 Folwell Avenue, Saint Paul 55108",Academic / Administration,Agricultural,Owned,1923,1/1/23,NA,NA,Not Accessible,NA,1320.39,1113.32,34.04,173.03,1147.36,http://campusmaps.umn.edu/botany-field-house,https://egis.umn.edu/building_photos/02-343.jpg,NA,NA,NA,0,0,0,0,NA,NA,NA,NA
345,Agronomy Seed House,Agronomy Seed House,AGRSH,St. Paul Campus,"1472 Gortner Avenue, Saint Paul 55108",Academic / Administration,Agricultural,Owned,1917,1/1/17,NA,NA,Accessible,NA,8717.72,4998.85,2480,1238.87,7478.85,http://campusmaps.umn.edu/agronomy-seed-house,http://egis.umn.edu/building_photos/site-building/02-345.jpg,0,0,1,0,0,1,0,1,1,1,2
346,Bee Lab Storage,Bee Lab Storage Building,BLABSTOR,St. Paul Campus,"1634 Gortner Avenue, Saint Paul 55108",Academic / Administration,Agricultural,Owned,NA,6/23/20,NA,NA,NA,NA,901.46,772.08,0,129.38,772.08,https://campusmaps.umn.edu/bee-lab-storage-building,https://egis.umn.edu/building_photos/02-346.jpg,NA,NA,NA,0,1,0,0,NA,NA,NA,NA
347,Bee Research Facility,Bee Research Facility,BRF,St. Paul Campus,"1634 Gortner Avenue, Saint Paul 55108",Academic / Administration,Agricultural,Owned,2016,1/1/16,NA,NA,Accessible,NA,10125.07,7602.2,1595.5,927.38,9197.7,https://campusmaps.umn.edu/bee-research-facility,http://egis.umn.edu/building_photos/02-347.jpg,1,1,0,0,10,7,0,3,7,2,6
351,Hog Barn No 3,Hog Barn Number 3,HOGB3,St. Paul Campus,"1845 Buford Avenue, Saint Paul 55108",Academic / Administration,Agricultural,Owned,1927,1/1/27,NA,NA,Not Accessible,ELIGIBLE,4913.88,4162.02,280.2,471.67,4442.21,http://campusmaps.umn.edu/hog-barn-number-3,http://egis.umn.edu/building_photos/02-351.jpg,NA,NA,NA,0,0,0,0,NA,NA,NA,NA
355,Farm Crops Field House,Farm Crops Field House,FCFH,St. Paul Campus,"1922 Hendon Avenue, Saint Paul 55108",Academic / Administration,Agricultural,Owned,1932,1/1/32,NA,NA,Not Accessible,ELIGIBLE,10624.87,6330.28,459.35,3835.24,6789.64,http://campusmaps.umn.edu/farm-crops-field-house,http://egis.umn.edu/building_photos/02-355.jpg,NA,NA,NA,0,0,0,0,1,0,1,1
392,Sheep Research,Sheep Research,SHEEPR,St. Paul Campus,"1794 Dudley Avenue, Saint Paul 55108",Academic / Administration,Agricultural,Owned,1964,1/1/64,NA,NA,Not Accessible,NA,8164.63,7826.13,101.42,237.08,7927.55,http://campusmaps.umn.edu/sheep-research,http://egis.umn.edu/building_photos/02-392.jpg,NA,NA,NA,0,1,0,0,NA,NA,NA,NA
388,Crop Service Building,Crop Service Building,CRSERV,St. Paul Campus,"1895 Hendon Avenue, Saint Paul 55108",Academic / Administration,Agricultural,Owned,1958,1/1/58,NA,NA,Accessible,NA,21631.93,19708.94,885.62,1037.36,20594.56,http://campusmaps.umn.edu/crop-service-building,http://egis.umn.edu/building_photos/site-building/02-388.jpg,0,0,1,0,12,2,0,3,2,2,3
422,Animal Arena,Animal Arena,ANAREN,St. Paul Campus,"1888 Carter Avenue, Saint Paul 55108",Academic / Administration,Agricultural,Owned,1975,1/1/75,NA,NA,Accessible,NA,8620.4,6859.31,1079.4,681.7,7938.71,http://campusmaps.umn.edu/animal-arena,http://egis.umn.edu/building_photos/AnAren/photo.jpg,1,1,0,0,4,0,0,1,3,1,1
433,Field Operations Building,Field Operations Building,FIELDOP,St. Paul Campus,"1606 Fairview Avenue, Saint Paul 55108",Academic / Administration,Agricultural,Owned,1986,1/1/86,NA,NA,Not Accessible,NA,1680.44,1552.97,0,127.47,1552.97,http://campusmaps.umn.edu/field-operations-building,https://egis.umn.edu/building_photos/02-433.jpg,NA,NA,NA,0,0,0,0,NA,NA,NA,NA
435,Turf Shed,Turf Shed,TURFS,St. Paul Campus,"1604 Fairview Avenue, Saint Paul 55108",Academic / Administration,Agricultural,Owned,1950,1/1/50,NA,NA,Not Accessible,NA,1026.4,981.32,0,45.08,981.32,http://campusmaps.umn.edu/turf-shed,https://egis.umn.edu/building_photos/02-435.jpg,NA,NA,NA,0,0,0,0,NA,NA,NA,NA
430,Dairy Cattle Teaching and Research,Dairy Cattle Teaching and Research,DCTRC,St. Paul Campus,"1478 Fairview Avenue, Saint Paul 55108",Academic / Administration,Agricultural,Owned,1986,1/1/86,NA,NA,Accessible,ELIGIBLE,23902.99,20613.21,2123.21,1166.57,22736.43,http://campusmaps.umn.edu/dairy-cattle-teaching-and-research,http://egis.umn.edu/building_photos/site-building/02-430.jpg,NA,NA,NA,0,0,3,0,1,0,1,3
431,Animal Waste Treatment Center,Animal Waste Treatment Center,ANWTCTR,St. Paul Campus,"1830 Buford Place, Saint Paul 55108",Academic / Administration,Agricultural,Owned,1986,1/1/86,NA,NA,Not Accessible,NA,14393.22,13418,0,975.22,13418,http://campusmaps.umn.edu/animal-waste-treatment-center,http://egis.umn.edu/building_photos/02-431.jpg,NA,NA,NA,0,0,0,0,NA,NA,NA,NA
417,Large Animal Holding,Large Animal Holding,LGANH,St. Paul Campus,"1907 Carter Avenue, Saint Paul 55108",Academic / Administration,Agricultural,Owned,1973,1/1/73,NA,NA,Not Accessible,NA,22297.25,20877.85,450.87,968.53,21328.72,http://campusmaps.umn.edu/large-animal-holding,http://egis.umn.edu/building_photos/site-building/02-417.jpg,1,1,1,0,2,1,0,0,2,1,5
455,Swine Research Facility,Swine Research Facility,SWNRESFAC,St. Paul Campus,"1850 Buford Place, Saint Paul 55108",Academic / Administration,Agricultural,Owned,1986,1/1/86,NA,NA,Accessible,NA,10558.86,8445.92,1311.51,801.43,9757.43,http://campusmaps.umn.edu/swine-research-facility,http://egis.umn.edu/building_photos/site-building/02-455.jpg,NA,NA,NA,0,4,3,0,NA,NA,NA,NA
456,Large Animal Shelter,Large Animal Shelter,LGANSH,St. Paul Campus,"1907 Carter Avenue, Saint Paul 55108",Academic / Administration,Agricultural,Owned,1989,1/1/89,NA,NA,Partially Accessible,NA,2816,2697,0,119,2697,http://campusmaps.umn.edu/large-animal-shelter,https://campusmaps.umn.edu/sites/campusmaps.umn.edu/files/styles/folwell_full/public/2022-06/large_animal_shelter.jpg?itok=4AQbh_XP,NA,NA,NA,0,0,0,0,NA,NA,NA,NA
463,Poultry Teaching and Research,Poultry Teaching and Research Facility,PTRF,St. Paul Campus,"1835 Buford Place, Saint Paul 55108",Academic / Administration,Agricultural,Owned,1982,1/1/82,NA,NA,Accessible,NA,27648,19435.68,5979.06,2233.25,25414.75,http://campusmaps.umn.edu/poultry-teaching-and-research-facility,http://egis.umn.edu/building_photos/site-building/02-463.jpg,1,1,0,0,2,1,0,NA,NA,NA,NA
464,Agriculture and Landscape Building,Agriculture and Landscape Building,AGLNDBLDG,St. Paul Campus,"1847 Buford Place, Saint Paul 55108",Academic / Administration,Agricultural,Owned,2006,1/1/06,NA,NA,Accessible,NA,8400,8117.25,0,282.75,8117.25,http://campusmaps.umn.edu/agriculture-and-landscape-building,http://egis.umn.edu/building_photos/site-building/02-464.jpg,NA,NA,NA,0,0,0,0,NA,NA,NA,NA
468,Breeding House,Breeding House,BREEDH,St. Paul Campus,"1825 Buford Place, Saint Paul 55108",Academic / Administration,Agricultural,Owned,1933,1/1/33,NA,NA,Partially Accessible,NA,6726.58,6102.74,201.17,422.67,6303.91,http://campusmaps.umn.edu/breeding-house,http://egis.umn.edu/building_photos/02-468.jpg,NA,NA,NA,0,0,0,0,NA,NA,NA,NA
112,Rapson Hall,Ralph Rapson Hall,RAPSONH,Minneapolis Campus,"89 Church Street SE, Minneapolis 55455",Academic / Administration,Arts / Design Lab,Owned,1958,1/1/58,2001,NA,Accessible,ELIGIBLE,164115.54,83503.74,44398.61,36213.19,127902.35,http://campusmaps.umn.edu/ralph-rapson-hall,http://egis.umn.edu/building_photos/site-building/01-112.jpg,11,8,1,10,39,74,2,34,40,40,61
98,University Stores South,University Stores South,USTORS,Minneapolis Campus,"879 29th Avenue SE, Minneapolis 55414",Academic / Administration,Arts / Design Lab,Owned,1954,1/1/54,2002,NA,Accessible,NA,55183.5,38988.8,12595.45,3599.25,51584.25,http://campusmaps.umn.edu/university-stores-south,https://campusmaps.umn.edu/sites/campusmaps.umn.edu/files/styles/folwell_full/public/2022-06/university_stores_south.jpg?itok=5g-QEvX6,2,3,1,0,51,36,0,6,8,9,7
127,1425 University Ave SE,1425 University Avenue SE,1425UNIV,Minneapolis Campus,"1425 University Avenue SE, Minneapolis 55455",Academic / Administration,Arts / Design Lab,Owned,1922,1/1/22,NA,NA,Partially Accessible,ELIGIBLE,20864.19,10710.64,7156.82,2996.74,17867.46,http://campusmaps.umn.edu/1425-university-avenue-se,http://egis.umn.edu/building_photos/site-building/01-127.jpg,1,1,3,0,11,26,0,3,4,3,4
215,Ferguson Hall,Ferguson Hall,FERGH,Minneapolis Campus,"2106 4th Street S, Minneapolis 55455",Academic / Administration,Arts / Design Lab,Owned,1984,1/1/84,NA,NA,Accessible,NA,123954.25,66508.71,33494.31,23951.23,100003.02,http://campusmaps.umn.edu/ferguson-hall,http://egis.umn.edu/building_photos/site-building/01-215.jpg,3,3,2,17,112,92,8,27,26,33,27
209,Rarig Center,Rarig Center,RARIGC,Minneapolis Campus,"330 21st Avenue S, Minneapolis 55455",Academic / Administration,Arts / Design Lab,Owned,1970,1/1/70,NA,NA,Accessible,NA,173139.48,77775.4,43830.88,51533.19,121606.29,http://campusmaps.umn.edu/rarig-center,http://egis.umn.edu/building_photos/site-building/01-209.jpg,4,3,1,1,70,65,0,18,17,18,18
241,Regis Center East,Regis Center for Art-East,REGCTR-E,Minneapolis Campus,"405 21st Avenue S, Minneapolis 55455",Academic / Administration,Arts / Design Lab,Owned,2003,1/1/03,NA,NA,Accessible,NA,102034.87,53549.27,32105.15,16380.45,85654.42,http://campusmaps.umn.edu/regis-center-art-east,http://egis.umn.edu/building_photos/site-building/01-241.jpg,3,3,0,3,50,29,0,10,15,9,16
242,Regis Center West,Regis Center for Art-West,REGCTR-W,Minneapolis Campus,"418 21st Avenue S, Minneapolis 55455",Academic / Administration,Arts / Design Lab,Owned,2003,1/1/03,NA,NA,Accessible,NA,61783.79,34520.15,19737.61,7526.03,54257.76,http://campusmaps.umn.edu/regis-center-art-west,http://egis.umn.edu/building_photos/site-building/01-242.jpg,2,1,1,4,66,19,0,11,11,14,24
247,Barker Center,Barbara B Barker Center for Dance,BARKERCTR,Minneapolis Campus,"500 21st Avenue S, Minneapolis 55455",Academic / Administration,Arts / Design Lab,Owned,1998,1/1/98,NA,NA,Accessible,NA,23537.71,12354.68,4518.3,6664.74,16872.98,http://campusmaps.umn.edu/barbara-b-barker-center-dance,http://egis.umn.edu/building_photos/site-building/01-247.jpg,1,1,1,1,13,10,0,6,7,5,6
338,McNeal Hall,McNeal Hall,MCNH,St. Paul Campus,"1985 Buford Avenue, Saint Paul 55108",Academic / Administration,Arts / Design Lab,Owned,1913,1/1/13,1977,NA,Accessible,NA,221216.02,102606.99,66233.5,52375.53,168840.49,http://campusmaps.umn.edu/mcneal-hall,http://egis.umn.edu/building_photos/site-building/02-338.jpg,10,7,2,15,76,230,9,35,27,33,37
56,Cooke Hall,Cooke Hall,COOKEH,Minneapolis Campus,"1900 University Avenue SE, Minneapolis 55455",Academic / Administration,Athletics / Recreation,Owned,1934,1/1/34,NA,NA,Accessible,ELIGIBLE,87186.64,55059.14,21416.6,10710.9,76475.74,http://campusmaps.umn.edu/cooke-hall,https://campusmaps.umn.edu/sites/campusmaps.umn.edu/files/styles/folwell_full/public/2021-12/IMG_7710.jpg?itok=KbQx9aOg,2,2,2,3,17,70,0,12,15,14,12
113,Food Operations Building,Food Operations Building,FOODOPB,Minneapolis Campus,"2904 Fairmount Street SE, Minneapolis 55414",Academic / Administration,Central Service,Owned,1958,1/1/58,NA,NA,Not Accessible,NA,82094.84,43593.08,32399.55,6102.2,75992.64,http://campusmaps.umn.edu/food-operations-building,http://egis.umn.edu/building_photos/site-building/01-113.jpg,2,5,2,0,0,104,0,11,17,13,12
134,Printing Services,Printing Services Building,PSB,Minneapolis Campus,"2818 Como Avenue SE, Minneapolis 55414",Academic / Administration,Central Service,Owned,1969,1/1/69,NA,NA,Accessible,NA,81789.89,65298.39,10834.99,5656.51,76133.38,http://campusmaps.umn.edu/printing-services-building,http://egis.umn.edu/building_photos/site-building/01-134.jpg,4,3,0,0,0,71,0,6,12,16,26
185,Fleet Services,Fleet Services Facility,FLEETSERV,Minneapolis Campus,"901 29th Avenue SE, Minneapolis 55414",Academic / Administration,Central Service,Owned,2000,1/1/00,NA,NA,Accessible,NA,44625.11,23049.39,2387.95,19187.78,25437.34,http://campusmaps.umn.edu/fleet-services-facility,http://egis.umn.edu/building_photos/site-building/01-185.jpg,2,2,0,0,0,17,0,1,3,1,1
177,Thompson Center,Thompson Center for Environmental Management,THOMPCTR,Minneapolis Campus,"501 23rd Avenue SE, Minneapolis 55455",Academic / Administration,Central Service,Owned,1994,1/1/94,NA,NA,Accessible,NA,46113.14,31569.39,10789.52,3754.24,42358.91,http://campusmaps.umn.edu/thompson-center-environmental-management,http://egis.umn.edu/building_photos/site-building/01-177.jpg,4,4,0,0,0,57,0,5,7,6,6
198,Landcare and Facilities Operations,Landcare and Facilities Operations,LCF,Minneapolis Campus,"2609 4th Street SE, Minneapolis 55414",Academic / Administration,Central Service,Owned,2010,1/1/10,NA,NA,Accessible,NA,22476.31,15915.55,3595.84,2964.92,19511.39,http://campusmaps.umn.edu/landcare-and-facilities-operations,http://egis.umn.edu/building_photos/site-building/01-198.jpg,1,1,1,0,0,26,0,5,6,3,5
424,Research Weather Station,Research Weather Station,RWS,St. Paul Campus,"1635 Lindig Street, Saint Paul 55108",Academic / Administration,Central Service,Owned,1981,1/1/81,NA,NA,Not Accessible,NA,153.02,115.2,0,37.82,115.2,http://campusmaps.umn.edu/research-weather-station,https://egis.umn.edu/building_photos/02-424.jpg,NA,NA,NA,0,2,0,0,NA,NA,NA,NA
425,Farm and Grounds Maintenance Buildi,Farm and Grounds Maintenance Building,FGMNT,St. Paul Campus,"1866 Dudley Avenue, Saint Paul 55108",Academic / Administration,Central Service,Owned,1980,1/1/80,NA,NA,Partially Accessible,NA,16936,9506.92,1317.23,6111.84,10824.16,http://campusmaps.umn.edu/farm-and-grounds-maintenance-building,https://egis.umn.edu/building_photos/02-425.jpg,1,1,0,0,0,4,0,1,3,2,3
478,Ag Chemical Storage Bldg,Agricultural Chemical Storage Building,AGCHEMSTO,St. Paul Campus,"1552 Lindig Street, Saint Paul 55108",Academic / Administration,Central Service,Owned,1993,1/1/93,NA,NA,Not Accessible,NA,7893.33,6582.61,692.34,618.38,7274.96,http://campusmaps.umn.edu/agricultural-chemical-storage-building,https://egis.umn.edu/building_photos/02-478.jpg,1,1,0,0,0,1,0,1,3,1,1
203,Blegen Hall,Blegen Hall,BLEGH,Minneapolis Campus,"269 19th Avenue S, Minneapolis 55455",Academic / Administration,Classroom,Owned,1961,1/1/61,NA,NA,Accessible,NA,100814.04,52110.85,38924.43,9778.76,91035.28,http://campusmaps.umn.edu/blegen-hall,http://egis.umn.edu/building_photos/site-building/01-203.jpg,7,5,0,32,19,35,2,23,29,25,35
205,Anderson Hall,Anderson Hall,ANDH,Minneapolis Campus,"257 19th Avenue S, Minneapolis 55455",Academic / Administration,Classroom,Owned,1966,1/1/66,NA,NA,Accessible,NA,82584.27,30593.04,42529.21,9462.03,73122.24,http://campusmaps.umn.edu/anderson-hall,http://egis.umn.edu/building_photos/site-building/01-205.jpg,2,1,0,10,3,36,0,23,24,24,26
326,Ben Pomeroy Student-Alumni Learning,Ben Pomeroy Student-Alumni Learning Center,BPOMCTR,St. Paul Campus,"1964 Fitch Avenue, Saint Paul 55108",Academic / Administration,Classroom,Owned,1907,1/1/07,2007,NA,Accessible,ELIGIBLE,14185.07,8780.19,3933.69,1471.19,12713.88,http://campusmaps.umn.edu/ben-pomeroy-student-alumni-learning,http://egis.umn.edu/building_photos/site-building/02-326.jpg,2,2,0,6,0,7,0,6,6,5,8
989,Westgate I Business Center,Westgate I Business Center,WESTI,Minneapolis Campus,"2609 W Territorial Road, Saint Paul 55114",Academic / Administration,Classroom,Leased,NA,6/23/20,NA,NA,NA,NA,28419.66,26492.43,745.67,1181.56,27238.1,https://campusmaps.umn.edu/westgate-i-business-center,https://egis.umn.edu/building_photos/01-989.jpg,2,2,0,0,4,47,1,NA,NA,NA,NA
2,Pillsbury Hall,Pillsbury Hall,PILLSH,Minneapolis Campus,"310 Pillsbury Drive SE, Minneapolis 55455",Academic / Administration,Classroom / Office,Owned,1889,NA,2021,NA,Accessible,LISTED,75358.65,29337.6,32443.55,13577.5,61781.16,http://campusmaps.umn.edu/pillsbury-hall,http://egis.umn.edu/building_photos/site-building/01-002.jpg,5,3,1,10,1,115,3,18,27,18,18
5,216 Pillsbury Drive,216 Pillsbury Drive,216PILLS,Minneapolis Campus,"216 Pillsbury Drive SE, Minneapolis 55455",Academic / Administration,Classroom / Office,Owned,1890,NA,2005,NA,Accessible,LISTED,72958.34,39757.57,23079.04,10121.73,62836.61,https://campusmaps.umn.edu/216-pillsbury-drive,http://egis.umn.edu/building_photos/site-building/01-005.jpg,4,4,0,18,1,97,5,19,14,20,20
11,Armory,Armory,ARMORY,Minneapolis Campus,"15 Church Street SE, Minneapolis 55455",Academic / Administration,Classroom / Office,Owned,1896,NA,NA,NA,Partially Accessible,LISTED,78801.95,49053.05,8612.23,21136.66,57665.28,http://campusmaps.umn.edu/armory,http://egis.umn.edu/building_photos/site-building/01-011.jpg,3,2,0,5,2,72,7,14,15,17,19
17,Jones Hall,Jones Hall,JONESH,Minneapolis Campus,"27 Pleasant Street SE, Minneapolis 55455",Academic / Administration,Classroom / Office,Owned,1901,1/1/01,2004,NA,Not Accessible,LISTED,28293.92,13761.95,8215.05,6316.93,21976.99,http://campusmaps.umn.edu/jones-hall,http://egis.umn.edu/building_photos/site-building/01-017.jpg,2,2,0,1,14,42,0,8,10,8,8
19,Campbell Hall,Carmen D. and James R. Campbell Hall,CAMPH,Minneapolis Campus,"51 East River Parkway, Minneapolis 55455",Academic / Administration,Classroom / Office,Owned,1903,1/1/03,1969,NA,Accessible,LISTED,80494.88,42164.3,28123.43,10207.15,70287.73,http://campusmaps.umn.edu/carmen-d-and-james-r-campbell-hall,http://egis.umn.edu/building_photos/site-building/01-019.jpg,4,4,6,5,67,151,3,21,34,20,22
21,Shevlin Hall,Shevlin Hall,SHEVH,Minneapolis Campus,"164 Pillsbury Drive SE, Minneapolis 55455",Academic / Administration,Classroom / Office,Owned,1906,1/1/06,NA,NA,Accessible,LISTED,39912.33,17659.18,14544.13,7709.02,32203.31,http://campusmaps.umn.edu/shevlin-hall,http://egis.umn.edu/building_photos/site-building/01-021.jpg,1,1,1,5,22,48,3,7,9,7,9
22,Folwell Hall,Folwell Hall,FOLH,Minneapolis Campus,"9 Pleasant Street SE, Minneapolis 55455",Academic / Administration,Classroom / Office,Owned,1907,1/1/07,2011,NA,Accessible,ELIGIBLE,120293.94,64285.11,32565.4,23443.44,96850.5,http://campusmaps.umn.edu/folwell-hall,http://egis.umn.edu/building_photos/site-building/01-022.jpg,7,7,2,28,3,160,12,24,33,27,30
60,Vincent Hall,Vincent Hall,VINH,Minneapolis Campus,"206 Church Street SE, Minneapolis 55455",Academic / Administration,Classroom / Office,Owned,1938,1/1/38,NA,NA,Accessible,LISTED,94985.98,48194.28,30636.73,16154.97,78831.01,http://campusmaps.umn.edu/vincent-hall,http://egis.umn.edu/building_photos/site-building/01-060.jpg,6,5,0,18,1,160,7,22,23,25,28
62,Murphy Hall,Murphy Hall,MURH,Minneapolis Campus,"206 Church Street SE, Minneapolis 55455",Academic / Administration,Classroom / Office,Owned,1939,1/1/39,2000,NA,Accessible,LISTED,53068.1,26409.7,17379.66,9278.74,43789.36,http://campusmaps.umn.edu/murphy-hall,http://egis.umn.edu/building_photos/site-building/01-062.jpg,5,4,1,7,15,57,9,11,21,11,15
37,Appleby Hall,Appleby Hall,APH,Minneapolis Campus,"128 Pleasant Street SE, Minneapolis 55455",Academic / Administration,Classroom / Office,Owned,1915,1/1/14,1988,NA,Accessible,LISTED,89846.38,52491.58,24637.76,12717.03,77129.34,http://campusmaps.umn.edu/appleby-hall,http://egis.umn.edu/building_photos/site-building/01-037.jpg,2,4,4,15,9,170,15,32,30,36,35
71,Ford Hall,Ford Hall,FORDH,Minneapolis Campus,"224 Church Street SE, Minneapolis 55455",Academic / Administration,Classroom / Office,Owned,1950,1/1/50,2000,NA,Accessible,LISTED,84365.38,42662.97,30324.82,11377.59,72987.79,http://campusmaps.umn.edu/ford-hall,http://egis.umn.edu/building_photos/site-building/01-071.jpg,4,5,1,14,12,105,7,20,19,25,21
145,Health Sciences Education Center,Health Sciences Education Center,HSEC,Minneapolis Campus,"526 Delaware Street SE, Minneapolis 55455",Academic / Administration,Classroom / Office,Owned,2020,3/31/20,NA,NA,Accessible,NA,192753.75,74097.93,71379.56,47276.25,145477.49,https://campusmaps.umn.edu/health-sciences-education-center,http://egis.umn.edu/building_photos/HSEC/photo.jpg,5,5,3,36,68,14,15,31,47,32,33
207,Willey Hall,Willey Hall,WILLEYH,Minneapolis Campus,"225 19th Avenue S, Minneapolis 55455",Academic / Administration,Classroom / Office,Owned,1971,1/1/71,NA,NA,Accessible,NA,120463.69,35413.26,28536.2,56514.22,63949.46,http://campusmaps.umn.edu/willey-hall,http://egis.umn.edu/building_photos/site-building/01-207.jpg,1,1,0,8,1,115,1,21,21,21,21
212,West Bank Skyway,West Bank Skyway,WBS,Minneapolis Campus,"219 19th Avenue S, Minneapolis 55455",Academic / Administration,Classroom / Office,Owned,1980,1/1/80,NA,NA,Accessible,NA,15269.14,8159.57,5796.23,1313.35,13955.79,http://campusmaps.umn.edu/west-bank-skyway,https://campusmaps.umn.edu/sites/campusmaps.umn.edu/files/styles/folwell_full/public/2022-05/01-212_0.jpg?itok=vCOtLzwA,1,1,0,3,0,27,0,4,4,5,4
299,Bruininks Hall,Robert H Bruininks Hall,BRUH,Minneapolis Campus,"222 Pleasant Street SE, Minneapolis 55455",Academic / Administration,Classroom / Office,Owned,2009,1/1/10,NA,NA,Accessible,NA,126036.5,59851.43,48845.88,17339.19,108697.31,http://campusmaps.umn.edu/robert-h-bruininks-hall,http://egis.umn.edu/building_photos/site-building/01-299.jpg,6,6,1,63,1,150,12,56,63,59,58
267,Peik Hall,Peik Hall,PEIKH,Minneapolis Campus,"159 Pillsbury Drive SE, Minneapolis 55455",Academic / Administration,Classroom / Office,Owned,1951,1/1/51,NA,NA,Accessible,NA,63771.27,39032.68,18167.43,6571.17,57200.1,http://campusmaps.umn.edu/peik-hall,http://egis.umn.edu/building_photos/site-building/01-267.jpg,3,4,1,19,4,127,3,15,19,14,18
249,Carlson,Carlson School of Management,CARLSMGMT,Minneapolis Campus,"321 19th Avenue S, Minneapolis 55455",Academic / Administration,Classroom / Office,Owned,1997,1/1/97,NA,NA,Accessible,NA,334306.54,165327.32,109993.32,58985.9,275320.64,http://campusmaps.umn.edu/carlson-school-management,http://egis.umn.edu/building_photos/site-building/01-249.jpg,10,10,0,61,39,502,34,75,93,79,82
250,Hanson Hall,Herbert M Hanson Jr Hall,HMH,Minneapolis Campus,"1925 4th Street S, Minneapolis 55455",Academic / Administration,Classroom / Office,Owned,2008,1/1/08,NA,NA,Accessible,NA,139126.33,68134.98,50374.15,20617.2,118509.13,http://campusmaps.umn.edu/herbert-m-hanson-jr-hall,http://egis.umn.edu/building_photos/site-building/01-250.jpg,5,6,1,21,3,180,12,36,50,46,39
372,Peters Hall,Peters Hall,PETH,St. Paul Campus,"1404 Gortner Avenue, Saint Paul 55108",Academic / Administration,Classroom / Office,Owned,1950,1/1/50,1998,NA,Accessible,ELIGIBLE,52746.63,25210.53,19886.57,7649.53,45097.1,http://campusmaps.umn.edu/peters-hall,http://egis.umn.edu/building_photos/site-building/02-372.jpg,3,3,1,13,1,102,2,16,13,14,15
412,Ruttan Hall,Ruttan Hall,RUTTANH,St. Paul Campus,"1994 Buford Avenue, Saint Paul 55108",Academic / Administration,Classroom / Office,Owned,1971,1/1/71,NA,NA,Accessible,NA,129631.8,65147.77,51502.38,13494.36,116137.44,http://campusmaps.umn.edu/ruttan-hall,http://egis.umn.edu/building_photos/site-building/02-412.jpg,5,5,0,10,3,289,5,35,23,42,45
32,Jackson Hall,Jackson Hall,JACH,Minneapolis Campus,"321 Church Street SE, Minneapolis 55455",Academic / Administration,Health / Chem / Bio Science Lab,Owned,1912,1/1/12,2000,NA,Accessible,ELIGIBLE,150394.08,68799.77,57665.55,23928.76,126465.32,http://campusmaps.umn.edu/jackson-hall,http://egis.umn.edu/building_photos/site-building/01-032.jpg,5,5,1,2,132,78,0,18,24,21,27
35,Smith Hall,Smith Hall,SMITHH,Minneapolis Campus,"207 Pleasant Street SE, Minneapolis 55455",Academic / Administration,Health / Chem / Bio Science Lab,Owned,1913,1/1/13,1985,NA,Accessible,LISTED,195213.38,109879.82,61980.99,23352.56,171860.81,http://campusmaps.umn.edu/smith-hall,http://egis.umn.edu/building_photos/site-building/01-035.jpg,7,5,1,12,107,107,1,36,32,37,41
111,Diehl Hall,Diehl Hall,DIEHLH,Minneapolis Campus,"505 Essex Street SE, Minneapolis 55455",Academic / Administration,Health / Chem / Bio Science Lab,Owned,1958,1/1/58,NA,NA,Partially Accessible,NA,199723.37,129980.38,50952.42,18790.57,180932.79,http://campusmaps.umn.edu/diehl-hall,http://egis.umn.edu/building_photos/site-building/01-111.jpg,9,8,0,0,118,148,30,15,2,15,12
69,Variety Club Research Center,Variety Club Research Center,VCRC,Minneapolis Campus,"401 E River Parkway, Minneapolis 55455",Academic / Administration,Health / Chem / Bio Science Lab,Owned,1949,1/1/49,NA,NA,Accessible,NA,99889.53,50571.69,34829.05,14488.79,85400.74,http://campusmaps.umn.edu/variety-club-research-center,http://egis.umn.edu/building_photos/site-building/01-069.jpg,7,6,2,0,10,249,0,15,22,18,23
143,Dwan Variety/Masonic Cancer Research Ctr,Dwan Variety Club Cardiovascular Research Center Bldg/ Masonic Cancer Research Bldg,DVRC/MCRB,Minneapolis Campus,"425 E River Parkway, Minneapolis 55455",Academic / Administration,Health / Chem / Bio Science Lab,Owned,1972,1/1/72,1997,2013,Accessible,NA,190037.75,90970.03,70989.92,28077.8,161959.95,http://campusmaps.umn.edu/dwan-variety-club-cardiovascular-research-center-bldg-masonic-cancer-research-bldg,http://egis.umn.edu/building_photos/site-building/01-143.jpg,11,13,1,0,335,163,0,26,44,29,29
153,Cancer Cardio,Cancer and Cardiovascular Research Building,CCRB,Minneapolis Campus,"2231 6th Street SE, Minneapolis 55455",Academic / Administration,Health / Chem / Bio Science Lab,Owned,2013,1/1/13,NA,NA,Accessible,NA,295900.37,152194.92,105812.07,37893.38,258007,http://campusmaps.umn.edu/cancer-and-cardiovascular-research-building,http://egis.umn.edu/building_photos/site-building/01-153.jpg,4,4,3,0,504,179,0,46,34,45,69
147,Weaver-Densford Hall,Weaver-Densford Hall,WDH,Minneapolis Campus,"308 Harvard Street SE, Minneapolis 55455",Academic / Administration,Health / Chem / Bio Science Lab,Owned,1977,1/1/78,NA,NA,Accessible,NA,195437.79,102963.27,65513.65,26960.87,168476.92,http://campusmaps.umn.edu/weaver-densford-hall,http://egis.umn.edu/building_photos/site-building/01-147.jpg,8,7,4,11,104,300,1,38,39,39,41
149,Microbiology Research Facility,Microbiology Research Facility,MRF,Minneapolis Campus,"689 23rd Avenue SE, Minneapolis 55455",Academic / Administration,Health / Chem / Bio Science Lab,Owned,2012,1/1/14,NA,NA,Accessible,NA,89936.49,43130.42,35483.49,11322.58,78613.91,http://campusmaps.umn.edu/microbiology-research-facility,http://egis.umn.edu/building_photos/site-building/01-149.jpg,4,4,0,0,298,90,0,23,28,28,37
142,Moos Tower,Malcolm Moos Health Sciences Tower,MOOST,Minneapolis Campus,"515 Delaware Street SE, Minneapolis 55455",Academic / Administration,Health / Chem / Bio Science Lab,Owned,1970,1/1/72,NA,NA,Accessible,NA,699693.64,342116.5,245605.79,111971.35,587722.28,http://campusmaps.umn.edu/malcolm-moos-health-sciences-tower,http://egis.umn.edu/building_photos/site-building/01-142.jpg,32,32,6,40,425,633,14,94,111,105,114
122,Kolthoff Hall,Kolthoff Hall,KOLTH,Minneapolis Campus,"225 Pleasant Street SE, Minneapolis 55455",Academic / Administration,Health / Chem / Bio Science Lab,Owned,1968,1/1/68,2006,NA,Partially Accessible,LISTED,156706.09,80433.45,59073.48,17199.16,139506.93,http://campusmaps.umn.edu/kolthoff-hall,http://egis.umn.edu/building_photos/site-building/01-122.jpg,6,3,0,9,117,60,0,31,34,34,34
174,Lions and McGuire TRF,Lions Research Building/McGuire Translational Research Facility,LRB/MTRF,Minneapolis Campus,"2001 6th Street SE, Minneapolis 55455",Academic / Administration,Health / Chem / Bio Science Lab,Owned,1991,1/1/91,2004,NA,Accessible,NA,165175.33,83864.2,50031.76,31279.36,133895.97,http://campusmaps.umn.edu/lions-research-buildingmcguire-translational-research-facility,http://egis.umn.edu/building_photos/site-building/01-174.jpg,8,8,0,0,279,94,0,20,34,23,21
178,Hasselmo Hall,Nils Hasselmo Hall,NHH,Minneapolis Campus,"312 Church Street SE, Minneapolis 55455",Academic / Administration,Health / Chem / Bio Science Lab,Owned,1996,1/1/96,NA,NA,Accessible,NA,285963.06,142315.81,95785.16,47862.09,238100.96,http://campusmaps.umn.edu/nils-hasselmo-hall,http://egis.umn.edu/building_photos/site-building/01-178.jpg,15,15,1,4,415,156,0,34,67,64,41
180,Center for Magnetic Resonance Research,Center for Magnetic Resonance Research,CMRR,Minneapolis Campus,"2021 6th Street SE, Minneapolis 55455",Academic / Administration,Health / Chem / Bio Science Lab,Owned,1998,1/1/98,2010,2021,Accessible,NA,119685.66,60657.05,44882.4,14146.21,105539.45,http://campusmaps.umn.edu/center-magnetic-resonance-research,http://egis.umn.edu/building_photos/site-building/01-180.jpg,5,5,3,0,75,89,0,13,12,16,13
197,Wallin Medical Biosciences,Wallin Medical Biosciences Building,WMBB,Minneapolis Campus,"2101 6th Street SE, Minneapolis 55455",Academic / Administration,Health / Chem / Bio Science Lab,Owned,2007,1/1/09,NA,NA,Accessible,NA,119871.9,59546.49,44634.66,15690.76,104181.15,http://campusmaps.umn.edu/wallin-medical-biosciences-building,http://egis.umn.edu/building_photos/site-building/01-197.jpg,4,4,3,0,260,72,0,26,11,14,35
193,717 Delaware,717 Delaware St SE,717DEL,Minneapolis Campus,"717 Delaware Street SE, Minneapolis 55414",Academic / Administration,Health / Chem / Bio Science Lab,Owned,1968,1/1/74,2008,NA,Accessible,NA,168647,94177.36,57857.91,16611.73,152035.27,http://campusmaps.umn.edu/717-delaware-street-se,http://egis.umn.edu/building_photos/site-building/01-193.jpg,7,9,11,0,86,408,0,36,28,53,49
186,Molecular and Cellular Biology,Molecular and Cellular Biology,MCB,Minneapolis Campus,"420 Washington Avenue SE, Minneapolis 55455",Academic / Administration,Health / Chem / Bio Science Lab,Owned,2002,7/31/02,NA,NA,Accessible,NA,270834.94,148931.16,84678.43,37225.35,233609.59,http://campusmaps.umn.edu/molecular-and-cellular-biology,http://egis.umn.edu/building_photos/site-building/01-186.jpg,6,6,1,6,560,136,4,33,35,35,36
991,1200 Washington,1200 Washington,1200WASH,Minneapolis Campus,"1200 Washington Avenue S, Minneapolis 55415",Academic / Administration,Health / Chem / Bio Science Lab,Leased,NA,6/23/20,NA,NA,Accessible,NA,34345.27,31515.68,0,2829.59,31515.68,https://campusmaps.umn.edu/1200-washington,https://egis.umn.edu/building_photos/01-991.jpg,NA,NA,NA,0,35,30,0,NA,NA,NA,NA
364,Hayes Hall,Hayes Hall,HAYESH,St. Paul Campus,"1509 Gortner Avenue, Saint Paul 55108",Academic / Administration,Health / Chem / Bio Science Lab,Owned,1940,1/1/40,NA,NA,Accessible,NA,25462.22,13129.76,8053.31,4279.15,21183.07,http://campusmaps.umn.edu/hayes-hall,http://egis.umn.edu/building_photos/site-building/02-364.jpg,3,2,0,0,7,47,1,6,7,6,6
365,Stakman Hall,Stakman Hall,STAKH,St. Paul Campus,"1519 Gortner Avenue, Saint Paul 55108",Academic / Administration,Health / Chem / Bio Science Lab,Owned,1940,1/1/40,NA,NA,Accessible,NA,23766.24,13162.97,6742.2,3861.07,19905.17,http://campusmaps.umn.edu/stakman-hall,http://egis.umn.edu/building_photos/site-building/02-365.jpg,2,2,0,0,17,39,0,5,5,5,5
369,Plant Growth Facilities-West 369,Plant Growth Facilities-West 369,PGF-W369,St. Paul Campus,"1538 Gortner Avenue, Saint Paul 55108",Academic / Administration,Health / Chem / Bio Science Lab,Owned,2002,1/1/03,NA,NA,Accessible,NA,68349.06,38395.01,23145.67,6808.38,61540.68,http://campusmaps.umn.edu/plant-growth-facilities-west,http://egis.umn.edu/building_photos/site-building/02-369.jpg,2,2,0,0,16,6,0,5,18,5,7
370,Plant Growth Facilities-West 370,Plant Growth Facilities-West 370,PGF-W370,St. Paul Campus,"1538 Gortner Avenue, Saint Paul 55108",Academic / Administration,Health / Chem / Bio Science Lab,Owned,1948,1/1/48,2004,NA,Partially Accessible,NA,63846.62,47595.34,11053.2,5198.07,58648.54,http://campusmaps.umn.edu/plant-growth-facilities-west,http://egis.umn.edu/building_photos/site-building/02-370.jpg,1,1,1,0,27,1,0,4,12,3,7
350,Haecker Hall,Haecker Hall,HCKRH,St. Paul Campus,"1364 Eckles Avenue, Saint Paul 55108",Academic / Administration,Health / Chem / Bio Science Lab,Owned,1924,1/1/24,1998,NA,Accessible,ELIGIBLE,58703.4,26157.09,23881.89,8664.42,50038.98,http://campusmaps.umn.edu/haecker-hall,http://egis.umn.edu/building_photos/site-building/02-350.jpg,4,4,1,1,28,67,1,11,12,12,15
352,Snyder Hall,Snyder Hall,SNH,St. Paul Campus,"1475 Gortner Avenue, Saint Paul 55108",Academic / Administration,Health / Chem / Bio Science Lab,Owned,1927,1/1/27,2001,NA,Accessible,NA,43586.63,24181.44,12049.24,7355.95,36230.68,http://campusmaps.umn.edu/snyder-hall,http://egis.umn.edu/building_photos/site-building/02-352.jpg,3,2,0,0,43,54,0,9,14,11,15
336,Microbial Cell Production Facility,Microbial Cell Production Facility,MCPF,St. Paul Campus,"1872 Buford Place, Saint Paul 55113",Academic / Administration,Health / Chem / Bio Science Lab,Owned,2024,6/17/24,NA,NA,NA,NA,88799.04,48160.18,33065.77,7573.09,81225.95,https://campusmaps.umn.edu/microbial-cell-production-facility,https://egis.umn.edu/building_photos/02-336.jpg,2,2,1,0,30,37,0,3,9,3,3
394,Alderman Hall,Alderman Hall,ALDERH,St. Paul Campus,"1970 Folwell Avenue, Saint Paul 55108",Academic / Administration,Health / Chem / Bio Science Lab,Owned,1968,1/1/68,NA,NA,Accessible,NA,63166.58,37332.44,18762.39,7071.75,56094.83,http://campusmaps.umn.edu/alderman-hall,http://egis.umn.edu/building_photos/site-building/02-394.jpg,2,3,2,4,58,57,1,11,17,11,21
410,Gortner Lab,Gortner Laboratory,GORL,St. Paul Campus,"1479 Gortner Avenue, Saint Paul 55108",Academic / Administration,Health / Chem / Bio Science Lab,Owned,1965,1/1/65,NA,NA,Accessible,NA,73940.73,45911.28,17091.08,10938.37,63002.36,http://campusmaps.umn.edu/gortner-laboratory,http://egis.umn.edu/building_photos/site-building/02-410.jpg,3,2,1,0,97,35,0,16,20,18,17
411,Biological Sciences,Biological Sciences,BIOSCI,St. Paul Campus,"1445 Gortner Avenue, Saint Paul 55108",Academic / Administration,Health / Chem / Bio Science Lab,Owned,1969,1/1/69,NA,NA,Accessible,NA,207114.77,107358.85,79993.04,19762.89,187351.88,http://campusmaps.umn.edu/biological-sciences,http://egis.umn.edu/building_photos/site-building/02-411.jpg,4,6,1,5,211,114,2,40,39,40,46
413,Boss Laboratory,Andrew Boss Laboratory of Meat Science,ABLMS,St. Paul Campus,"1354 Eckles Avenue, Saint Paul 55108",Academic / Administration,Health / Chem / Bio Science Lab,Owned,1971,1/1/71,NA,NA,Accessible,NA,58465.88,29422.96,20748.08,8294.84,50171.04,http://campusmaps.umn.edu/andrew-boss-laboratory-meat-science,http://egis.umn.edu/building_photos/site-building/02-413.jpg,5,5,1,4,68,37,0,9,20,9,9
396,Christensen Laboratory,Christensen Laboratory,CRSTNL,St. Paul Campus,"1515 Gortner Avenue, Saint Paul 55108",Academic / Administration,Health / Chem / Bio Science Lab,Owned,1966,1/1/66,NA,NA,Accessible,NA,32255.28,14957.53,13180.36,4117.39,28137.89,http://campusmaps.umn.edu/christensen-laboratory,http://egis.umn.edu/building_photos/site-building/02-396.jpg,1,1,1,0,52,11,0,6,8,6,7
409,Veterinary Isolation Facility,Veterinary Isolation Facility,VIF,St. Paul Campus,"1346 Gortner Avenue, Saint Paul 55108",Academic / Administration,Health / Chem / Bio Science Lab,Owned,2018,1/1/17,NA,NA,NA,NA,31842.88,15614.9,13083.47,3144.52,28698.36,https://campusmaps.umn.edu/veterinary-isolation-facility,https://campusmaps.umn.edu/sites/campusmaps.umn.edu/files/styles/folwell_full/public/2022-06/veterinary_isolation_facility.jpg?itok=KcEDE_5p,NA,NA,NA,0,8,4,0,3,0,3,5
374,Veterinary Science,Veterinary Science,VETS,St. Paul Campus,"1971 Commonwealth Avenue, Saint Paul 55108",Academic / Administration,Health / Chem / Bio Science Lab,Owned,1952,1/1/52,NA,NA,Partially Accessible,NA,92503.38,56588.07,25718.27,10197.04,82306.34,http://campusmaps.umn.edu/veterinary-science,https://campusmaps.umn.edu/sites/campusmaps.umn.edu/files/styles/folwell_full/public/2022-06/veterinary_science.jpg?itok=RqMPBPew,5,4,3,3,94,55,1,12,11,12,12
381,Food Science and Nutrition,Food Science and Nutrition,FSCN,St. Paul Campus,"1334 Eckles Avenue, Saint Paul 55108",Academic / Administration,Health / Chem / Bio Science Lab,Owned,1956,1/1/56,NA,NA,Partially Accessible,NA,90710.28,52024.52,24973.08,13712.68,76997.6,http://campusmaps.umn.edu/food-science-and-nutrition,http://egis.umn.edu/building_photos/site-building/02-381.jpg,4,4,0,1,86,54,0,17,17,18,18
389,Crop Research Building,Crop Research Building,CRRES,St. Paul Campus,"1902 Dudley Avenue, Saint Paul 55108",Academic / Administration,Health / Chem / Bio Science Lab,Owned,1959,1/1/59,NA,NA,Partially Accessible,NA,29856.28,17998.82,9347.69,2509.77,27346.51,http://campusmaps.umn.edu/crop-research-building,http://egis.umn.edu/building_photos/site-building/02-389.jpg,2,2,0,0,37,6,0,3,7,3,4
423,Agronomy and Plant Genetics Greenhouse,Agronomy and Plant Genetics Greenhouse,AGRPGGH,St. Paul Campus,"1529 Lindig Street, Saint Paul 55108",Academic / Administration,Health / Chem / Bio Science Lab,Owned,1977,1/1/77,NA,NA,Not Accessible,NA,13707.09,10284.83,2568.2,854.06,12853.03,http://campusmaps.umn.edu/agronomy-and-plant-genetics-greenhouse,http://egis.umn.edu/building_photos/site-building/02-423.jpg,0,0,1,0,8,4,0,1,1,1,1
432,Plant Growth Facilities-West 432,Plant Growth Facilities-West 432,PGF-W432,St. Paul Campus,"1538 Gortner Avenue, Saint Paul 55108",Academic / Administration,Health / Chem / Bio Science Lab,Owned,1985,1/1/85,NA,NA,Accessible,NA,9243.76,6073.79,2320.55,849.42,8394.34,http://campusmaps.umn.edu/plant-growth-facilities-west,http://egis.umn.edu/building_photos/site-building/02-432.jpg,1,1,1,0,4,3,0,2,8,2,2
439,Cargill Building,Cargill Building - Microbial and Plant Genomics,CARGILLB,St. Paul Campus,"1500 Gortner Avenue, Saint Paul 55108",Academic / Administration,Health / Chem / Bio Science Lab,Owned,2003,1/1/03,NA,NA,Accessible,NA,65306.15,35762.66,20564.82,8978.66,56327.49,http://campusmaps.umn.edu/cargill-building-microbial-and-plant-genomics,http://egis.umn.edu/building_photos/CargillB/photo.jpg,3,3,0,0,153,90,0,12,9,13,18
436,Molecular and Cellular Therapeutics,Molecular and Cellular Therapeutics,MCT,St. Paul Campus,"1900 Fitch Avenue, Saint Paul 55108",Academic / Administration,Health / Chem / Bio Science Lab,Owned,1988,1/1/88,NA,NA,Accessible,NA,41368.29,17778.93,15387.67,8201.69,33166.6,http://campusmaps.umn.edu/molecular-and-cellular-therapeutics,http://egis.umn.edu/building_photos/site-building/02-436.jpg,2,2,0,0,77,18,0,1,0,1,0
438,Ecology Building,Ecology Building,ECOLOGY,St. Paul Campus,"1987 Upper Buford Circle, Saint Paul 55108",Academic / Administration,Health / Chem / Bio Science Lab,Owned,1991,1/1/91,NA,NA,Accessible,NA,103059.36,52362.14,35564.33,15132.88,87926.48,http://campusmaps.umn.edu/ecology-building,http://egis.umn.edu/building_photos/site-building/02-438.jpg,6,4,2,1,154,100,0,18,27,20,29
429,Borlaug Hall,Borlaug Hall,BORH,St. Paul Campus,"1991 Upper Buford Circle, Saint Paul 55108",Academic / Administration,Health / Chem / Bio Science Lab,Owned,1980,1/1/85,NA,NA,Accessible,NA,125177.56,67637.74,43002.42,14537.39,110640.16,http://campusmaps.umn.edu/borlaug-hall,http://egis.umn.edu/building_photos/site-building/02-429.jpg,5,5,1,5,94,106,5,22,21,28,23
415,Plant Growth Facilities-West 415,Plant Growth Facilities-West 415,PGF-W415,St. Paul Campus,"1538 Gortner Avenue, Saint Paul 55108",Academic / Administration,Health / Chem / Bio Science Lab,Owned,1971,1/1/71,NA,NA,Partially Accessible,NA,13091.66,8202.37,3674.3,1214.99,11876.67,http://campusmaps.umn.edu/plant-growth-facilities-west,http://egis.umn.edu/building_photos/site-building/02-415.jpg,NA,NA,NA,0,0,2,0,0,0,0,1
416,Animal Science/Vet Med,Animal Science/Veterinary Medicine,ANSCI/VM,St. Paul Campus,"1988 Fitch Avenue, Saint Paul 55108",Academic / Administration,Health / Chem / Bio Science Lab,Owned,1973,1/1/73,NA,NA,Accessible,NA,147692.09,77302.1,49681.3,20708.69,126983.41,http://campusmaps.umn.edu/animal-scienceveterinary-medicine,http://egis.umn.edu/building_photos/site-building/02-416.jpg,10,8,2,5,153,104,0,24,23,27,24
485,MAES/MDA Plant Growth Facilities - East,MAES/MDA Plant Growth Facilities - East,PGF-E,St. Paul Campus,"1907 Dudley Avenue, Saint Paul 55108",Academic / Administration,Health / Chem / Bio Science Lab,Owned,2002,1/1/03,NA,NA,Accessible,NA,35203.31,20440.87,10880.63,3881.82,31321.5,http://campusmaps.umn.edu/maesmda-plant-growth-facilities-east,https://egis.umn.edu/building_photos/02-485.jpg,1,1,0,0,35,2,0,1,2,1,2
31,Lind Hall,Lind Hall,LINDH,Minneapolis Campus,"207 Church Street SE, Minneapolis 55455",Academic / Administration,Office,Owned,1912,1/1/12,2011,2022,Accessible,LISTED,97763.32,55714.68,26579.44,15469.2,82294.12,http://campusmaps.umn.edu/lind-hall,http://egis.umn.edu/building_photos/site-building/01-031.jpg,5,4,3,8,6,200,5,22,28,24,29
1,Eddy Hall,Eddy Hall,EDDYH,Minneapolis Campus,"192 Pillsbury Drive SE, Minneapolis 55455",Academic / Administration,Office,Owned,1881,NA,NA,NA,Accessible,LISTED,27136.98,0,22395,4741.98,22395,http://campusmaps.umn.edu/eddy-hall,http://egis.umn.edu/building_photos/site-building/01-001.jpg,5,2,0,0,0,0,0,NA,NA,NA,NA
3,Pattee Hall,Pattee Hall,PTH,Minneapolis Campus,"150 Pillsbury Drive SE, Minneapolis 55455",Academic / Administration,Office,Owned,1889,NA,1983,NA,Accessible,LISTED,28997.55,15339.48,8856.18,4801.89,24195.66,http://campusmaps.umn.edu/pattee-hall,http://egis.umn.edu/building_photos/site-building/01-003.jpg,1,2,1,5,2,45,5,7,7,7,7
6,Wulling Hall,Wulling Hall,WULLH,Minneapolis Campus,"86 Pleasant Street SE, Minneapolis 55455",Academic / Administration,Office,Owned,1892,NA,1997,NA,Accessible,LISTED,29238.74,17192.17,6869.98,5176.59,24062.15,http://campusmaps.umn.edu/wulling-hall,http://egis.umn.edu/building_photos/site-building/01-006.jpg,2,2,1,2,0,80,0,5,9,5,6
8,Burton Hall,Burton Hall,BUH,Minneapolis Campus,"178 Pillsbury Drive SE, Minneapolis 55455",Academic / Administration,Office,Owned,1894,NA,NA,NA,Accessible,LISTED,56570.32,34415.7,14036.65,8117.97,48452.35,http://campusmaps.umn.edu/burton-hall,http://egis.umn.edu/building_photos/site-building/01-008.jpg,3,2,1,3,0,158,1,16,18,16,20
20,Elliott Hall,Elliott Hall,ELTH,Minneapolis Campus,"75 East River Parkway, Minneapolis 55455",Academic / Administration,Office,Owned,1906,1/1/06,2000,NA,Accessible,NA,191773.07,103200.23,61731.05,26841.79,164931.28,http://campusmaps.umn.edu/elliott-hall,http://egis.umn.edu/building_photos/site-building/01-020.jpg,11,9,4,14,332,180,3,32,36,31,40
40,Scott Hall,Scott Hall,SCOTTH,Minneapolis Campus,"72 Pleasant Street SE, Minneapolis 55455",Academic / Administration,Office,Owned,1923,1/1/23,NA,NA,Accessible,ELIGIBLE,42679.84,17529.26,13183.11,11967.46,30712.38,http://campusmaps.umn.edu/scott-hall,http://egis.umn.edu/building_photos/site-building/01-040.jpg,3,2,1,2,0,63,0,8,6,9,12
41,Education Sciences,Education Sciences Building,EDSCIB,Minneapolis Campus,"56 East River Road, Minneapolis 55455",Academic / Administration,Office,Owned,1922,1/1/22,2007,NA,Accessible,LISTED,68292.22,37350.72,19989.94,10951.55,57340.66,http://campusmaps.umn.edu/education-sciences-building,http://egis.umn.edu/building_photos/site-building/01-041.jpg,4,4,1,0,26,196,1,11,15,10,11
57,Nolte Center,Nolte Center,NCCE,Minneapolis Campus,"315 Pillsbury Drive SE, Minneapolis 55455",Academic / Administration,Office,Owned,1935,1/1/35,NA,NA,Partially Accessible,ELIGIBLE,33211.62,18628.97,8643.61,5939.03,27272.59,http://campusmaps.umn.edu/nolte-center,http://egis.umn.edu/building_photos/site-building/01-057.jpg,3,3,2,4,1,130,2,12,13,12,12
44,Donhowe Building,Donhowe Building,DONHOWEB,Minneapolis Campus,"319 15th Avenue SE, Minneapolis 55455",Academic / Administration,Office,Owned,1924,1/1/24,1996,NA,Accessible,NA,92392.49,61868.98,19279.1,11244.42,81148.07,http://campusmaps.umn.edu/donhowe-building,http://egis.umn.edu/building_photos/site-building/01-044.jpg,5,5,0,0,0,513,0,22,21,23,22
46,Morrill Hall,Morrill Hall,MORH,Minneapolis Campus,"100 Church Street SE, Minneapolis 55455",Academic / Administration,Office,Owned,1924,1/1/24,NA,NA,Partially Accessible,LISTED,80353.11,47577.67,21375.25,11400.19,68952.92,http://campusmaps.umn.edu/morrill-hall,http://egis.umn.edu/building_photos/site-building/01-046.jpg,9,4,0,0,0,295,0,16,16,20,17
51,Fraser Hall,Fraser Hall,FRASERH,Minneapolis Campus,"106 Pleasant Street SE, Minneapolis 55455",Academic / Administration,Office,Owned,1927,1/1/27,1954,NA,Partially Accessible,LISTED,59126.45,34773.68,14132.01,10220.76,48905.69,http://campusmaps.umn.edu/fraser-hall,http://egis.umn.edu/building_photos/site-building/01-051.jpg,2,2,0,20,28,4,4,5,6,6,8
103,Transportation and Safety Building,Transportation and Safety Building,TSB,Minneapolis Campus,"511 Washington Avenue SE, Minneapolis 55455",Academic / Administration,Office,Owned,1954,1/1/94,2019,NA,Accessible,NA,42014.92,25648.19,10915.76,5450.97,36563.95,http://campusmaps.umn.edu/transportation-and-safety-building,http://egis.umn.edu/building_photos/site-building/01-103.jpg,1,1,2,0,0,148,0,9,10,12,14
73,Johnston Hall,Johnston Hall,JOHH,Minneapolis Campus,"101 Pleasant Street SE, Minneapolis 55455",Academic / Administration,Office,Owned,1950,1/1/50,NA,NA,Accessible,LISTED,79783.28,47515.27,21167.1,11100.91,68682.37,http://campusmaps.umn.edu/johnston-hall,http://egis.umn.edu/building_photos/site-building/01-073.jpg,3,2,3,0,1,280,2,17,22,20,19
93,1901 University Avenue SE,1901 University Avenue SE,1901UNIV,Minneapolis Campus,"1901 University Avenue SE, Minneapolis 55455",Academic / Administration,Office,Owned,1894,NA,1981,NA,Partially Accessible,LISTED,10387.88,5097.92,3173.74,2116.22,8271.66,http://campusmaps.umn.edu/1901-university-avenue-se,https://campusmaps.umn.edu/sites/campusmaps.umn.edu/files/styles/folwell_full/public/2022-06/1901_university_avenue_se.jpg?itok=xyJSTIUy,2,2,0,0,0,26,0,NA,NA,NA,NA
152,Williamson Hall,Williamson Hall,WMSONH,Minneapolis Campus,"231 Pillsbury Drive SE, Minneapolis 55455",Academic / Administration,Office,Owned,1975,1/1/75,NA,NA,Accessible,NA,100287.63,56285.95,23199.35,20802.33,79485.3,http://campusmaps.umn.edu/williamson-hall,https://egis.umn.edu/building_photos/01-152.jpg,3,3,0,0,1,386,0,19,17,24,22
179,CUHCC Trailers,CUHCC Trailers,TRAILERS,Minneapolis Campus,"2020 16th Avenue S, Minneapolis 55404",Academic / Administration,Office,Owned,2005,1/1/05,NA,NA,Accessible,NA,2096.33,1884.77,0,211.56,1884.77,https://campusmaps.umn.edu/cuhcc-trailers,https://campusmaps.umn.edu/sites/campusmaps.umn.edu/files/styles/folwell_full/public/2022-05/0-179.jpg?itok=tQMmYLUN,NA,NA,NA,0,0,16,0,NA,NA,NA,NA
192,University Office Plaza,University Office Plaza,UOFFPL,Minneapolis Campus,"2221 University Avenue SE, Minneapolis 55414",Academic / Administration,Office,Owned,1989,1/1/89,NA,NA,Accessible,NA,99382.06,79278.59,11035.89,9067.58,90314.48,http://campusmaps.umn.edu/university-office-plaza,http://egis.umn.edu/building_photos/site-building/01-192.jpg,5,5,0,0,0,386,2,32,32,49,46
182,McNamara,McNamara Alumni Center,MCNAMARAC,Minneapolis Campus,"200 Oak Street SE, Minneapolis 55414",Academic / Administration,Office,Leased,1998,1/1/98,NA,2000,Accessible,NA,107926.68,98496.65,101.33,9328.7,98597.98,http://campusmaps.umn.edu/mcnamara-alumni-center,http://egis.umn.edu/building_photos/site-building/01-182.jpg,NA,NA,NA,0,0,636,0,16,4,17,25
184,Information Technology,Information Technology,INFOTECH,Minneapolis Campus,"2218 University Avenue SE, Minneapolis 55455",Academic / Administration,Office,Owned,1955,1/1/55,2001,NA,Accessible,NA,35794.65,27403.61,5599.5,2791.54,33003.11,http://campusmaps.umn.edu/information-technology,http://egis.umn.edu/building_photos/site-building/01-184.jpg,2,2,0,0,0,154,0,13,14,14,14
216,Humphrey School,Humphrey School of Public Affairs,HHHSPA,Minneapolis Campus,"301 19th Avenue S, Minneapolis 55455",Academic / Administration,Office,Owned,1983,1/1/83,NA,NA,Accessible,NA,166753.36,91804.45,47554.68,27394.23,139359.13,http://campusmaps.umn.edu/humphrey-school-public-affairs,http://egis.umn.edu/building_photos/site-building/01-216.jpg,5,4,0,12,3,355,9,46,42,48,49
218,West Bank Office Building,West Bank Office Building,WBOB,Minneapolis Campus,"1300 2nd Street S, Minneapolis 55454",Academic / Administration,Office,Owned,1987,1/1/87,NA,NA,Accessible,NA,254787.86,157844.34,76506.77,20436.75,234351.11,http://campusmaps.umn.edu/west-bank-office-building,http://egis.umn.edu/building_photos/site-building/01-218.jpg,8,8,1,1,5,900,0,56,47,68,58
201,Heller Hall,Walter W Heller Hall,HELLERH,Minneapolis Campus,"271 19th Avenue S, Minneapolis 55455",Academic / Administration,Office,Owned,1961,1/1/61,NA,NA,Accessible,NA,103925.51,57792.97,35028.12,11104.41,92821.09,http://campusmaps.umn.edu/walter-w-heller-hall,https://campusmaps.umn.edu/sites/campusmaps.umn.edu/files/styles/folwell_full/public/2022-06/walter_w._heller_hall.jpg?itok=DajjsQPK,9,8,8,0,13,274,8,25,39,26,29
202,Social Sciences Building,Social Sciences Building,SOCSCI,Minneapolis Campus,"267 19th Avenue S, Minneapolis 55455",Academic / Administration,Office,Owned,1961,1/1/61,NA,NA,Accessible,NA,106510.6,58532.78,34533.17,13444.65,93065.95,http://campusmaps.umn.edu/social-sciences-building,http://egis.umn.edu/building_photos/site-building/01-202.jpg,8,8,13,4,12,239,9,28,51,26,33
211,Mondale Hall,Walter F Mondale Hall,MONDALEH,Minneapolis Campus,"229 19th Avenue S, Minneapolis 55455",Academic / Administration,Office,Owned,1975,1/1/75,2001,NA,Accessible,NA,308406.14,186375.46,79730.32,42222.8,266183.34,http://campusmaps.umn.edu/walter-f-mondale-hall,http://egis.umn.edu/building_photos/site-building/01-211.jpg,8,8,4,20,7,247,46,76,66,90,81
221,Univ Park Plaza,University Park Plaza,UPP,Minneapolis Campus,"2829 University Avenue SE, Minneapolis 55414",Academic / Administration,Office,Owned,1972,6/23/20,NA,NA,Accessible,NA,143828.46,104986.34,23145.3,15696.83,128131.63,http://campusmaps.umn.edu/university-park-plaza,http://egis.umn.edu/building_photos/site-building/01-221.jpg,10,10,4,0,14,348,0,NA,NA,NA,NA
322,Coffey Hall,Coffey Hall,COFH,St. Paul Campus,"1420 Eckles Avenue, Saint Paul 55108",Academic / Administration,Office,Owned,1906,1/1/06,NA,NA,Accessible,ELIGIBLE,149683.74,68108.9,45596.08,35978.76,113704.98,http://campusmaps.umn.edu/coffey-hall,http://egis.umn.edu/building_photos/site-building/02-322.jpg,3,4,1,0,3,332,2,25,25,28,30
978,Academic Office Building,Academic Office Building,AOB,Minneapolis Campus,"2344 S 6th Street, Minneapolis 55455",Academic / Administration,Office,Leased,2021,6/1/21,NA,NA,NA,NA,40398.09,27789.94,7042.03,5566.12,34831.97,https://campusmaps.umn.edu/academic-office-building,https://egis.umn.edu/building_photos/01-978.jpg,3,3,4,0,0,171,0,NA,NA,NA,NA
391,North Central Forest Exp Sta (USDA),North Central Forest Experiment Station (USDA),NCFES,St. Paul Campus,"1992 Folwell Avenue, Saint Paul 55108",Academic / Administration,Office,Other,1962,1/1/62,NA,NA,NA,NA,0,0,0,0,0,https://campusmaps.umn.edu/north-central-forest-experiment-station-usda,https://egis.umn.edu/building_photos/02-391.jpg,NA,NA,NA,NA,NA,NA,NA,NA,NA,NA,NA
437,Skok Hall,Skok Hall,SKOKH,St. Paul Campus,"2003 Upper Buford Circle, Saint Paul 55108",Academic / Administration,Office,Owned,1988,1/1/88,NA,NA,Accessible,NA,26059.04,12859.65,8561.43,4637.96,21421.08,http://campusmaps.umn.edu/skok-hall,http://egis.umn.edu/building_photos/site-building/02-437.jpg,2,3,3,1,2,52,1,10,17,10,10
426,Learning and Environmental Sciences,Learning and Environmental Sciences,LES,St. Paul Campus,"1954 Buford Avenue, Saint Paul 55108",Academic / Administration,Office,Owned,1980,1/1/80,NA,NA,Accessible,ELIGIBLE,110892.33,63555.93,27512.2,19824.19,91068.14,http://campusmaps.umn.edu/learning-and-environmental-sciences,http://egis.umn.edu/building_photos/site-building/02-426.jpg,4,4,0,14,23,269,1,30,29,32,31
902,Center for Art Medicine,Center for Art Medicine,CFAM,Other St Paul Area Leases,"2441 University Avenue W, Saint Paul 55114",Academic / Administration,Office,Leased,2024,7/26/24,NA,NA,NA,NA,1739.43,1478.71,0,260.72,1478.71,https://campusmaps.umn.edu/center-art-medicine,NA,NA,NA,NA,0,0,8,0,NA,NA,NA,NA
999,University Enterprise Laboratories,University Enterprise Laboratories,UEL,Other St Paul Area Leases,"1000 Westgate Drive, Saint Paul 55114",Academic / Administration,Office,Leased,NA,6/23/20,NA,NA,NA,NA,9415.7,8688.42,0,727.28,8688.42,http://campusmaps.umn.edu/university-enterprise-laboratories,https://egis.umn.edu/building_photos/92-999.jpg,NA,NA,NA,0,7,22,0,NA,NA,NA,NA
58,St Anthony Falls Laboratory,St. Anthony Falls Laboratory,SAFL,Minneapolis Campus,"2 3rd Avenue SE, Minneapolis 55455",Academic / Administration,Physical / Natural Science Lab,Owned,1936,1/1/36,2012,NA,Partially Accessible,LISTED,65342.08,49655.33,8527.12,7159.63,58182.45,http://campusmaps.umn.edu/st-anthony-falls-laboratory,https://campusmaps.umn.edu/sites/campusmaps.umn.edu/files/styles/folwell_full/public/2022-05/01-058_2.jpg?itok=D8t4NCKv,2,2,0,0,29,35,0,5,8,7,12
49,Tate Hall,John T Tate Hall,TATEH,Minneapolis Campus,"116 Church Street SE, Minneapolis 55455",Academic / Administration,Physical / Natural Science Lab,Owned,1926,1/1/26,2017,NA,Accessible,LISTED,260608.02,116719.26,81373.12,62515.64,198092.38,http://campusmaps.umn.edu/john-t-tate-hall,http://egis.umn.edu/building_photos/site-building/01-049.jpg,6,6,4,14,146,191,4,33,32,33,33
117,Heavy Equipment Building,Heavy Equipment Building,HEB,Minneapolis Campus,"3003 Fairmont Avenue SE, Minneapolis 55414",Academic / Administration,Physical / Natural Science Lab,Owned,1957,1/1/57,NA,NA,Partially Accessible,NA,8033.33,7765.08,0,268.25,7765.08,http://campusmaps.umn.edu/heavy-equipment-building,https://egis.umn.edu/building_photos/01-117.jpg,NA,NA,NA,0,2,0,0,NA,NA,NA,NA
66,Amundson Hall,Amundson Hall,AMUNDH,Minneapolis Campus,"421 Washington Avenue SE, Minneapolis 55455",Academic / Administration,Physical / Natural Science Lab,Owned,1949,1/1/49,2014,NA,Accessible,NA,202283.08,107569.72,60917.34,33796.02,168487.05,http://campusmaps.umn.edu/amundson-hall,http://egis.umn.edu/building_photos/site-building/01-066.jpg,9,8,3,13,115,159,3,35,32,35,35
125,Shepherd Labs,Shepherd Laboratories,SHEPLAB,Minneapolis Campus,"100 Union Street SE, Minneapolis 55455",Academic / Administration,Physical / Natural Science Lab,Owned,1966,1/1/66,2018,NA,Accessible,NA,98775.99,46834.25,38496.85,13444.89,85331.1,http://campusmaps.umn.edu/shepherd-laboratories,https://campusmaps.umn.edu/sites/campusmaps.umn.edu/files/styles/folwell_full/public/2022-05/shepherd_laboratories.jpg?itok=025fnI4o,6,7,4,0,60,107,0,22,23,23,24
155,Physics and Nano Building,Physics and Nanotechnology Building,PAN,Minneapolis Campus,"115 Union Street SE, Minneapolis 55455",Academic / Administration,Physical / Natural Science Lab,Owned,2013,1/1/13,NA,2013,Accessible,NA,158913.85,73792.59,64988.69,20132.56,138781.29,http://campusmaps.umn.edu/physics-and-nanotechnology-building,http://egis.umn.edu/building_photos/site-building/01-155.jpg,5,5,1,0,91,90,0,26,19,26,37
156,Civil Engineering,Civil Engineering Building,CIVE,Minneapolis Campus,"500 Pillsbury Drive SE, Minneapolis 55455",Academic / Administration,Physical / Natural Science Lab,Owned,1979,1/1/79,NA,NA,Accessible,NA,186900.76,81318.89,52812.31,52769.57,134131.2,http://campusmaps.umn.edu/civil-engineering-building,http://egis.umn.edu/building_photos/site-building/01-156.jpg,4,4,1,11,64,101,4,21,20,23,23
165,Keller Hall,Kenneth H Keller Hall,KHKH,Minneapolis Campus,"200 Union Street SE, Minneapolis 55455",Academic / Administration,Physical / Natural Science Lab,Owned,1986,1/1/88,NA,NA,Accessible,NA,343375.04,158440.83,140523.05,44411.16,298963.88,http://campusmaps.umn.edu/kenneth-h-keller-hall,https://egis.umn.edu/building_photos/site-building/01-165.jpg,14,14,1,12,160,216,11,50,44,50,53
191,MAST Laboratory,Multi-Axial Subassemblage Testing (MAST) Laboratory,MASTLAB,Minneapolis Campus,"2525 4th Street SE, Minneapolis 55455",Academic / Administration,Physical / Natural Science Lab,Owned,2002,1/1/02,NA,NA,Accessible,NA,9537.22,7728.69,1066.04,742.48,8794.74,http://campusmaps.umn.edu/multi-axial-subassemblage-testing-mast-laboratory,http://egis.umn.edu/building_photos/site-building/01-191.jpg,1,1,0,0,6,2,0,2,5,2,3
265,Mechanical Engineering,Mechanical Engineering,MECHE,Minneapolis Campus,"111 Church Street SE, Minneapolis 55455",Academic / Administration,Physical / Natural Science Lab,Owned,1948,1/1/48,2001,NA,Accessible,LISTED,284257.13,146545.57,102051.52,35660.04,248597.09,http://campusmaps.umn.edu/mechanical-engineering,http://egis.umn.edu/building_photos/site-building/01-265.jpg,9,9,4,10,95,279,7,34,33,36,43
266,Akerman Hall,Akerman Hall,AKERH,Minneapolis Campus,"110 Union Street SE, Minneapolis 55455",Academic / Administration,Physical / Natural Science Lab,Owned,1948,1/1/48,2010,2011,Partially Accessible,LISTED,71313.87,43152.84,17973.47,10187.56,61126.3,http://campusmaps.umn.edu/akerman-hall,http://egis.umn.edu/building_photos/site-building/01-266.jpg,4,7,1,9,18,50,1,15,10,15,20
340A,St Paul Field Trailer,St. Paul Field Trailer,FIELDT,St. Paul Campus,"1804 Roselawn Avenue W, Saint Paul 55108",Academic / Administration,Physical / Natural Science Lab,Owned,NA,6/23/20,NA,NA,NA,NA,128,116.25,0,11.75,116.25,https://campusmaps.umn.edu/st-paul-field-trailer,NA,NA,NA,NA,0,1,0,0,NA,NA,NA,NA
357,Green Hall,Green Hall,GRNH,St. Paul Campus,"1530 Cleveland Avenue N, Saint Paul 55108",Academic / Administration,Physical / Natural Science Lab,Owned,1938,1/1/38,1988,NA,Accessible,NA,63370.48,36135.35,14855.82,12379.31,50991.17,http://campusmaps.umn.edu/green-hall,http://egis.umn.edu/building_photos/site-building/02-357.jpg,2,3,1,6,30,95,0,11,20,13,13
334,Biosystems and Ag Engineering Building,Biosystems and Agricultural Engineering Building,BIOAGENG,St. Paul Campus,"1390 Eckles Avenue, Saint Paul 55108",Academic / Administration,Physical / Natural Science Lab,Owned,1913,1/1/13,NA,NA,Accessible,ELIGIBLE,58016.53,28903.66,20563.02,8549.85,49466.68,http://campusmaps.umn.edu/biosystems-and-agricultural-engineering-building,http://egis.umn.edu/building_photos/site-building/02-334.jpg,3,3,0,2,22,78,1,12,15,16,22
335,Engineering and Fisheries Laboratory,Engineering and Fisheries Laboratory,ENGRFISHL,St. Paul Campus,"1995 Fitch Avenue, Saint Paul 55108",Academic / Administration,Physical / Natural Science Lab,Owned,1913,1/1/13,NA,NA,Partially Accessible,NA,53628.94,26135.35,4084.89,23408.7,30220.24,http://campusmaps.umn.edu/engineering-and-fisheries-laboratory,http://egis.umn.edu/building_photos/EngFishL/photo.jpg,0,0,1,1,38,4,0,5,2,5,6
393,Hodson Hall,Hodson Hall,HODSONH,St. Paul Campus,"1980 Folwell Avenue, Saint Paul 55108",Academic / Administration,Physical / Natural Science Lab,Owned,1967,1/1/67,NA,NA,Accessible,NA,82613.71,46597.24,26244.76,9771.71,72842,http://campusmaps.umn.edu/hodson-hall,http://egis.umn.edu/building_photos/site-building/02-393.jpg,3,3,1,5,67,59,10,16,18,16,16
382,Soil Science,Soil Science,SOILS,St. Paul Campus,"1529 Gortner Avenue, Saint Paul 55108",Academic / Administration,Physical / Natural Science Lab,Owned,1956,1/1/56,NA,NA,Partially Accessible,NA,35828.57,18523.72,12620.89,4683.96,31144.61,http://campusmaps.umn.edu/soil-science,http://egis.umn.edu/building_photos/site-building/02-382.jpg,1,3,0,1,35,42,2,4,4,4,4
387,Kaufert Laboratory,Kaufert Laboratory,KAUFL,St. Paul Campus,"2004 Folwell Avenue, Saint Paul 55108",Academic / Administration,Physical / Natural Science Lab,Owned,1958,1/1/58,NA,NA,Accessible,NA,41017.21,25190.85,10305.92,5520.44,35496.77,http://campusmaps.umn.edu/kaufert-laboratory,http://egis.umn.edu/building_photos/site-building/02-387.jpg,2,2,1,1,28,29,0,8,10,8,7
99,Como Recycling Facility,Como Recycling Facility,COMORFAC,Minneapolis Campus,"3009 Como Avenue SE, Minneapolis 55414",Academic / Administration,Storage / Warehouse,Owned,1915,1/1/15,NA,NA,Partially Accessible,NA,21538.88,19010.32,549.55,1979.01,19559.87,http://campusmaps.umn.edu/como-recycling-facility,https://campusmaps.umn.edu/sites/campusmaps.umn.edu/files/styles/folwell_full/public/2022-05/como_recycling_facility.jpg?itok=x2Ci8hqg,0,0,1,0,0,5,0,3,3,3,3
154,ReUse and AHC Warehouse,Reuse Program and AHC Warehouse,AHCWARE,Minneapolis Campus,"883 29th Avenue SE, Minneapolis 55414",Academic / Administration,Storage / Warehouse,Owned,1978,1/1/78,NA,NA,NA,NA,100151.03,60094.06,3564.91,36492.05,63658.98,http://campusmaps.umn.edu/reuse-program-and-ahc-warehouse,http://egis.umn.edu/building_photos/site-building/01-154.jpg,1,1,1,0,10,22,0,7,9,7,7
121,U Market Services,U Market Services,UMARKETS,Minneapolis Campus,"2901 Talmage Avenue SE, Minneapolis 55414",Academic / Administration,Storage / Warehouse,Owned,1949,1/1/49,NA,NA,Not Accessible,NA,70323.09,64000.26,4482.31,1840.53,68482.57,http://campusmaps.umn.edu/u-market-services,http://egis.umn.edu/building_photos/site-building/01-121.jpg,2,2,0,0,0,9,0,4,3,15,6
166,Landcare Storage,Landcare Storage,LANDSTOR,Minneapolis Campus,"3001 Weeks Avenue SE, Minneapolis 55455",Academic / Administration,Storage / Warehouse,Owned,1986,1/1/86,NA,NA,Partially Accessible,NA,1801.39,1744.51,0,56.87,1744.51,http://campusmaps.umn.edu/landcare-storage,https://egis.umn.edu/building_photos/01-166.jpg,NA,NA,NA,0,0,0,0,NA,NA,NA,NA
225,Collections Facility,Collections Facility,CF,Minneapolis Campus,"920 29th Avenue SE, Minneapolis 55414",Academic / Administration,Storage / Warehouse,Owned,2024,9/17/21,NA,NA,NA,NA,95285.41,44732.23,47637.16,2916.02,92369.39,https://campusmaps.umn.edu/offsite-collections-facility,NA,0,0,2,0,0,20,2,NA,NA,NA,NA
452,Remote Storage Building,Remote Storage Building,RSTORB,St. Paul Campus,"1861 Buford Place, Saint Paul 55108",Academic / Administration,Storage / Warehouse,Owned,2016,1/1/16,NA,NA,Accessible,NA,5040,5000.11,0,39.89,5000.11,https://campusmaps.umn.edu/remote-storage-building,https://egis.umn.edu/building_photos/02-452.jpg,NA,NA,NA,0,1,0,0,NA,NA,NA,NA
471,Seed Stocks,Seed Stocks,SS,St. Paul Campus,"1904 Hendon Avenue, Saint Paul 55108",Academic / Administration,Storage / Warehouse,Owned,1942,1/1/42,NA,NA,Partially Accessible,NA,8591.06,6679.87,973.57,937.61,7653.45,http://campusmaps.umn.edu/seed-stocks,https://campusmaps.umn.edu/sites/campusmaps.umn.edu/files/styles/folwell_full/public/2022-06/seed_stocks.jpg?itok=at8RF9Vo,2,1,0,0,2,3,0,1,0,0,0
472,Seed Storage South,Seed Storage South,SSS,St. Paul Campus,"1914 Hendon Avenue, Saint Paul 55108",Academic / Administration,Storage / Warehouse,Owned,1942,1/1/42,NA,NA,Partially Accessible,NA,1077,893,30,154,923,http://campusmaps.umn.edu/seed-storage-south,http://egis.umn.edu/building_photos/02-472.jpg,NA,NA,NA,0,0,0,0,NA,NA,NA,NA
473,Seed Storage North,Seed Storage North,SSN,St. Paul Campus,"1912 Hendon Avenue, Saint Paul 55108",Academic / Administration,Storage / Warehouse,Owned,1942,1/1/42,NA,NA,Partially Accessible,NA,1716,1202.5,304.49,209.01,1506.99,http://campusmaps.umn.edu/seed-storage-north,http://egis.umn.edu/building_photos/02-473.jpg,NA,NA,NA,0,0,0,0,NA,NA,NA,NA
474,MN Crop Improvement Center,Minnesota Crop Improvement Center,MCIC,St. Paul Campus,"1900 Hendon Avenue, Saint Paul 55108",Academic / Administration,Storage / Warehouse,Owned,1981,1/1/81,NA,NA,Partially Accessible,NA,22322.73,13686.47,3720.41,4915.85,17406.88,http://campusmaps.umn.edu/minnesota-crop-improvement-center,https://egis.umn.edu/building_photos/02-474.jpg,2,0,0,0,4,12,0,NA,NA,NA,NA
901,1441 Hunting Valley Rd - Public Storage,1441 Hunting Valley Rd - Public Storage Self Storage Units,1441HUNT,Other St Paul Area Leases,"1441 Huntington Valley Road, Saint Paul 55108",Academic / Administration,Storage / Warehouse,Leased,NA,7/1/20,NA,NA,NA,NA,0,0,0,0,0,NA,NA,NA,NA,NA,NA,NA,NA,NA,NA,NA,NA,NA
128,Landcare Salt and Sand Storage,Landcare Salt and Sand Storage,LCSS,Minneapolis Campus,"520 18th Avenue SE, Minneapolis 55455",Academic / Administration,Utility,Owned,2013,1/1/13,NA,NA,NA,NA,4800,4466,0,334,4466,http://campusmaps.umn.edu/landcare-salt-and-sand-storage,https://campusmaps.umn.edu/sites/campusmaps.umn.edu/files/styles/folwell_full/public/2022-06/landcare_salt_and_sand_storage.jpg?itok=V6yzlt3Q,NA,NA,NA,0,0,0,0,NA,NA,NA,NA
50,Williams Arena and Maturi Pavilion,Williams Arena And Maturi Pavilion,WMSA,Minneapolis Campus,"1925 University Avenue SE, Minneapolis 55455",Athletics / Recreation,Athletics / Recreation,Owned,1927,1/1/27,1995,NA,Accessible,ELIGIBLE,379500.1,151357.49,93573.97,134568.63,244931.46,http://campusmaps.umn.edu/williams-arena-and-maturi-pavilion,http://egis.umn.edu/building_photos/site-building/01-050.jpg,9,8,0,0,0,2,0,53,84,1,90
67,Field House,University of Minnesota Field House,FIELDHSE,Minneapolis Campus,"1800 University Avenue SE, Minneapolis 55455",Athletics / Recreation,Athletics / Recreation,Owned,1949,1/1/49,NA,2019,Partially Accessible,NA,89185.56,79625.11,7266.49,2293.96,86891.6,http://campusmaps.umn.edu/university-minnesota-field-house,http://egis.umn.edu/building_photos/site-building/01-067.jpg,1,1,0,0,0,0,0,2,1,1,11
72,Bierman Field Clubhouse,Bierman Field Clubhouse,BFC,Minneapolis Campus,"1701 6th Street SE, Minneapolis 55455",Athletics / Recreation,Athletics / Recreation,Owned,1949,1/1/49,NA,NA,Accessible,NA,2716.6,1928.02,380.22,408.35,2308.25,http://campusmaps.umn.edu/bierman-field-clubhouse,https://campusmaps.umn.edu/sites/campusmaps.umn.edu/files/styles/folwell_full/public/2022-05/bierman_field_clubhouse.jpg?itok=j_yZJkI2,1,1,0,0,0,0,0,NA,NA,NA,NA
84,Gymnastics Performance Center,Gymnastics Performance Center,GYMPC,Minneapolis Campus,"598 16th Avenue SE, Minneapolis 55455",Athletics / Recreation,Athletics / Recreation,Owned,2025,1/1/25,NA,NA,Accessible,NA,31902.19,14732.81,16179.31,990.08,30912.11,https://campusmaps.umn.edu/womens-gymnastics-building,https://egis.umn.edu/building_photos/01-084.jpg,0,0,2,0,0,1,0,NA,NA,NA,NA
130,Track and Field Facility,U of M Track and Field Facility,TFS,Minneapolis Campus,"1801 6th Street SE, Minneapolis 55455",Athletics / Recreation,Athletics / Recreation,Owned,NA,6/23/20,NA,NA,NA,NA,4305.7,2446.15,1224.21,635.34,3670.36,https://campusmaps.umn.edu/u-m-track-and-field-facility,https://campusmaps.umn.edu/sites/campusmaps.umn.edu/files/styles/folwell_full/public/2022-06/u_of_m_track_and_field_facility.jpg?itok=f2o6CFfH,1,1,1,0,0,0,0,NA,NA,NA,NA
136,Rec Well Field Complex,Recreational and Wellness Field Complex,SRSF,Minneapolis Campus,"600 25th Avenue SE, Minneapolis 55455",Athletics / Recreation,Athletics / Recreation,Owned,2011,1/1/11,NA,NA,Accessible,NA,6232.34,65.97,5481.86,684.51,5547.82,http://campusmaps.umn.edu/recreational-and-wellness-field-complex,http://egis.umn.edu/building_photos/assets/img/no-photo.jpg,2,2,2,0,0,0,0,NA,NA,NA,NA
137,Larson Football Perf Ctr,Larson Football Performance Center,FOOTB,Minneapolis Campus,"645 16th Avenue SE, Minneapolis 55455",Athletics / Recreation,Athletics / Recreation,Owned,NA,6/23/20,NA,NA,Accessible,NA,294347.03,149106.6,30595.09,114645.34,179701.69,https://campusmaps.umn.edu/larson-football-performance-center,https://campusmaps.umn.edu/sites/campusmaps.umn.edu/files/styles/folwell_full/public/2022-05/larson_football_performance_center_0.jpg?itok=DPCt0yn4,1,1,0,0,0,45,0,23,2,15,40
138,Siebert Stadium,Siebert Stadium,SIEBSTAD,Minneapolis Campus,"1606 8th Street SE, Minneapolis 55455",Athletics / Recreation,Athletics / Recreation,Owned,2013,1/1/12,NA,NA,Partially Accessible,NA,8141.58,5198.09,1777.41,1166.08,6975.5,http://campusmaps.umn.edu/siebert-stadium,http://egis.umn.edu/building_photos/site-building/01-138.jpg,1,1,4,0,0,0,0,NA,NA,NA,NA
139,Bierman Athletic Building,Bierman Athletic Building,BFAB,Minneapolis Campus,"516 15th Avenue SE, Minneapolis 55455",Athletics / Recreation,Athletics / Recreation,Owned,1970,1/1/70,NA,NA,Accessible,NA,283837,161074.71,67363.11,55399.19,228437.82,http://campusmaps.umn.edu/bierman-athletic-building,https://campusmaps.umn.edu/sites/campusmaps.umn.edu/files/styles/folwell_full/public/2022-05/bierman_athletic_building.jpg?itok=cIW4Ev2J,5,5,4,4,0,214,32,43,16,34,69
169,Recreation and Wellness Center,University Recreation and Wellness Center,RECWELLCTR,Minneapolis Campus,"123 Harvard Street SE, Minneapolis 55455",Athletics / Recreation,Athletics / Recreation,Owned,1989,1/1/89,2013,NA,Accessible,NA,373133.16,201625.89,92125.59,79381.68,293751.48,http://campusmaps.umn.edu/university-recreation-and-wellness-center,http://egis.umn.edu/building_photos/site-building/01-169.jpg,7,7,3,0,18,70,0,37,13,20,49
159,Gibson-Nagurski Athletic Center,Gibson - Nagurski Athletic Center,GNFPF,Minneapolis Campus,"600 15th Avenue SE, Minneapolis 55455",Athletics / Recreation,Athletics / Recreation,Owned,1984,1/1/84,NA,NA,Accessible,NA,127682.95,108991.54,12638.99,6052.42,121630.53,http://campusmaps.umn.edu/gibson-nagurski-athletic-center,http://egis.umn.edu/building_photos/site-building/01-159.jpg,2,2,0,0,0,50,0,2,1,1,10
167,Freeman Aquatics Center,Jean K Freeman Aquatics Center,FAQCTR,Minneapolis Campus,"123 Harvard Street SE, Minneapolis 55455",Athletics / Recreation,Athletics / Recreation,Owned,1988,1/1/88,NA,NA,Accessible,NA,116799.96,48702.65,27322.4,40774.91,76025.05,http://campusmaps.umn.edu/jean-k-freeman-aquatics-center,http://egis.umn.edu/building_photos/site-building/01-167.jpg,1,1,0,0,0,13,0,22,12,15,23
190,Boathouse,University of Minnesota Boathouse,BOATH,Minneapolis Campus,"550 E River Parkway, Minneapolis 55455",Athletics / Recreation,Athletics / Recreation,Owned,2006,1/1/07,NA,NA,Accessible,NA,17838.89,13757.92,2350.05,1730.92,16107.97,http://campusmaps.umn.edu/university-minnesota-boathouse,http://egis.umn.edu/building_photos/site-building/01-190.jpg,0,0,1,0,0,1,0,11,5,0,16
196,Huntington Bank Stadium,Huntington Bank Stadium,HBSTAD,Minneapolis Campus,"2009 University Avenue SE, Minneapolis 55455",Athletics / Recreation,Athletics / Recreation,Owned,2009,1/1/09,NA,2009,Accessible,NA,618609.15,253678.37,240308.09,124622.69,493986.46,http://campusmaps.umn.edu/huntington-bank-stadium,http://egis.umn.edu/building_photos/site-building/01-196.jpg,25,21,21,0,19,38,0,132,14,11,166
181,Ridder Arena/Baseline Tennis,Ridder Arena/Baseline Tennis Center,RIDDERA,Minneapolis Campus,"1815 4th Street SE, Minneapolis 55455",Athletics / Recreation,Athletics / Recreation,Owned,2002,1/1/02,NA,NA,Accessible,NA,367813.04,121467.08,36192.8,210153.16,157659.88,http://campusmaps.umn.edu/ridder-arenabaseline-tennis-center,http://egis.umn.edu/building_photos/site-building/01-181.jpg,5,5,3,0,0,5,0,34,27,8,53
187,Cowles Stadium,Jane Sage Cowles Stadium,COWLESSTA,Minneapolis Campus,"620 18th Avenue SE, Minneapolis 55455",Athletics / Recreation,Athletics / Recreation,Owned,1999,1/1/99,NA,NA,Accessible,NA,5611.13,3205.87,1758.93,646.33,4964.8,http://campusmaps.umn.edu/jane-sage-cowles-stadium,https://campusmaps.umn.edu/sites/campusmaps.umn.edu/files/styles/folwell_full/public/2022-05/jane_sage_cowles_stadium.jpg?itok=475D53xy,1,1,0,0,0,0,0,NA,NA,NA,NA
176,3M Arena at Mariucci,3M Arena at Mariucci,3MAM,Minneapolis Campus,"1901 4th Street SE, Minneapolis 55455",Athletics / Recreation,Athletics / Recreation,Owned,1993,1/1/93,NA,NA,Accessible,NA,418751.38,133117.8,88157.52,197476.06,221275.32,http://campusmaps.umn.edu/3m-arena-mariucci,http://egis.umn.edu/building_photos/site-building/01-176.jpg,14,10,1,1,5,63,0,44,38,14,80
210,Sportsfield Service Building,Sportsfield Service Building,SPFLDSER,Minneapolis Campus,"133 19th Avenue S, Minneapolis 55455",Athletics / Recreation,Athletics / Recreation,Owned,1973,1/1/73,NA,NA,Partially Accessible,NA,814.72,489.79,160.12,164.81,649.91,http://campusmaps.umn.edu/sportsfield-service-building,https://egis.umn.edu/building_photos/01-210.jpg,1,1,0,0,0,0,0,NA,NA,NA,NA
268,Peik Gym,Peik Gymnasium,PEIKG,Minneapolis Campus,"157 Pillsbury Drive SE, Minneapolis 55455",Athletics / Recreation,Athletics / Recreation,Owned,1951,1/1/51,NA,NA,Partially Accessible,NA,20149.84,15336.04,3132.73,1681.07,18468.77,http://campusmaps.umn.edu/peik-gymnasium,http://egis.umn.edu/building_photos/site-building/01-268.jpg,1,1,0,2,0,9,0,1,0,1,0
342,St Paul Gymnasium,St. Paul Gymnasium,GYM,St. Paul Campus,"1536 Cleveland Avenue N, Saint Paul 55108",Athletics / Recreation,Athletics / Recreation,Owned,1915,1/1/15,NA,NA,Accessible,ELIGIBLE,78236.78,40937.23,9999.88,27299.67,50937.12,http://campusmaps.umn.edu/st-paul-gymnasium,http://egis.umn.edu/building_photos/site-building/02-342.jpg,1,1,0,0,0,5,0,7,5,5,15
360,Driving Range Building,Golf Course Driving Range Building,GCDR,St. Paul Campus,"2175 Larpenteur Avenue, Saint Paul 55108",Athletics / Recreation,Athletics / Recreation,Owned,1996,1/1/96,NA,NA,NA,NA,1108.83,790.53,181.04,137.26,971.58,http://campusmaps.umn.edu/golf-course-driving-range-building,https://egis.umn.edu/building_photos/02-360.jpg,1,1,0,0,0,1,0,0,0,0,1
367,Indoor Golf Facility,John W Mooty Indoor Golf Facility,JMGOLF,St. Paul Campus,"1741 Cleveland Avenue N, Saint Paul 55108",Athletics / Recreation,Athletics / Recreation,Owned,2018,1/1/18,NA,NA,NA,NA,6386.79,4582.58,1151.84,652.36,5734.43,https://campusmaps.umn.edu/john-w-mooty-indoor-golf-facility,https://campusmaps.umn.edu/sites/campusmaps.umn.edu/files/styles/folwell_full/public/2022-06/john_w_mooty_indoor_golf_facility.jpg?itok=ztQn1FV4,2,1,0,0,0,0,0,NA,NA,NA,NA
354,Golf Club House,Golf Club House,GCH,St. Paul Campus,"2275 Larpenteur Avenue W, Saint Paul 55113",Athletics / Recreation,Athletics / Recreation,Owned,1931,1/1/31,NA,NA,Accessible,ELIGIBLE,8748.57,282.01,7511.81,954.75,7793.82,http://campusmaps.umn.edu/golf-club-house,https://campusmaps.umn.edu/sites/campusmaps.umn.edu/files/styles/folwell_full/public/2022-06/golf_club_house_5.jpg?itok=CEKD9XDC,NA,NA,NA,0,0,0,0,1,1,1,1
359,"Well and Pump House, Golf Course",Golf Course Well and Pump House,GOLFWELL,St. Paul Campus,"1815 Cleveland Avenue N, Saint Paul 55108",Athletics / Recreation,Athletics / Recreation,Other,1935,1/1/35,NA,NA,NA,NA,0,0,0,0,0,https://campusmaps.umn.edu/golf-course-well-and-pump-house,NA,NA,NA,NA,NA,NA,NA,NA,NA,NA,NA,NA
428,Robbie Stadium Support Building,Robbie Stadium Support Building,RSSB,St. Paul Campus,"1751 Cleveland Avenue N, Saint Paul 55108",Athletics / Recreation,Athletics / Recreation,Owned,1979,1/1/79,NA,NA,Partially Accessible,NA,614.19,253.78,235.89,124.53,489.67,http://campusmaps.umn.edu/robbie-stadium-support-building,http://egis.umn.edu/building_photos/02-428.jpg,1,1,0,0,0,0,0,NA,NA,NA,NA
481,Robbie Stadium,Elizabeth Lyle Robbie Stadium,ROBBIESTA,St. Paul Campus,"1745 Cleveland Avenue N, Saint Paul 55108",Athletics / Recreation,Athletics / Recreation,Owned,1999,1/1/99,NA,NA,Accessible,NA,5650.76,3533.05,1460.64,657.07,4993.69,https://campusmaps.umn.edu/elizabeth-lyle-robbie-stadium,http://egis.umn.edu/building_photos/RobbieSta/photo.jpg,1,1,0,0,0,0,0,NA,NA,NA,NA
42,Walter Library,Walter Library,WALIB,Minneapolis Campus,"117 Pleasant Street SE, Minneapolis 55455",Library,Library,Owned,1922,1/1/22,2001,NA,Accessible,LISTED,268186.01,126520.36,79216.58,62449.07,205736.94,http://campusmaps.umn.edu/walter-library,http://egis.umn.edu/building_photos/site-building/01-042.jpg,7,7,2,0,14,270,39,45,46,50,58
220,Andersen Library,Elmer L. Andersen Library,ANDERLIB,Minneapolis Campus,"222 21st Avenue S, Minneapolis 55455",Library,Library,Owned,1999,1/1/00,NA,NA,Accessible,NA,229810.72,116016.26,93575.03,20219.43,209591.29,http://campusmaps.umn.edu/elmer-l-andersen-library,http://egis.umn.edu/building_photos/site-building/01-220.jpg,5,5,1,0,10,130,34,19,21,23,20
204,Wilson Library,O. Meredith Wilson Library,OMWL,Minneapolis Campus,"309 19th Avenue S, Minneapolis 55455",Library,Library,Owned,1965,1/1/65,NA,NA,Accessible,NA,381220.11,249607.45,98567.01,33045.65,348174.47,http://campusmaps.umn.edu/o-meredith-wilson-library,http://egis.umn.edu/building_photos/site-building/01-204.jpg,6,6,1,0,1,311,270,46,46,53,47
373,Magrath Library,C. Peter Magrath Library,MAGRATHLI,St. Paul Campus,"1984 Buford Avenue, Saint Paul 55108",Library,Library,Owned,1951,1/1/51,NA,NA,Accessible,NA,95140.51,55050.85,21309.85,18779.82,76360.69,http://campusmaps.umn.edu/c-peter-magrath-library,http://egis.umn.edu/building_photos/site-building/02-373.jpg,3,3,1,4,2,33,52,18,25,17,20
115,Children's Rehabilitation Center,Children's Rehabilitation Center,CHRC,Minneapolis Campus,"426 Church Street SE, Minneapolis 55455",Medical,Health / Chem / Bio Science Lab,Owned,1962,1/1/64,NA,NA,Accessible,NA,70850.61,40906.05,20736.74,9207.83,61642.79,http://campusmaps.umn.edu/childrens-rehabilitation-center,http://egis.umn.edu/building_photos/site-building/01-115.jpg,7,7,5,5,26,219,7,17,18,17,18
993,Fairview U Med Ctr-Orthopedic,Fairview University Medical Center - Orthopedic,FAIR-UNIV,Minneapolis Campus,"2512 7th Street, Minneapolis 55454",Medical,Health / Chem / Bio Science Lab,Leased,NA,6/23/20,NA,NA,Accessible,NA,26769.96,17723.11,5337.1,3709.75,23060.21,http://campusmaps.umn.edu/fairview-university-medical-center-orthopedic,https://egis.umn.edu/building_photos/01-993.jpg,3,1,0,0,8,98,0,NA,NA,NA,NA
70,Boynton Health Service,Boynton Health Service,BOYNHS,Minneapolis Campus,"410 Church Street SE, Minneapolis 55455",Medical,Medical,Owned,1949,1/1/49,NA,NA,Accessible,NA,157286.84,87387.64,38347.49,31551.71,125735.13,http://campusmaps.umn.edu/boynton-health-service,http://egis.umn.edu/building_photos/site-building/01-070.jpg,6,5,14,0,11,266,0,32,16,35,53
74,Mayo Building,Mayo Building & Additions,MAYO,Minneapolis Campus,"420 Delaware Street SE, Minneapolis 55455",Medical,Medical,Owned,1951,1/1/10,1910,2011,Accessible,ELIGIBLE,906809.9,433185.76,297005.85,176618.29,730191.61,http://campusmaps.umn.edu/mayo-building-additions,http://egis.umn.edu/building_photos/site-building/01-074.jpg,39,32,24,24,127,1724,17,116,145,126,169
144,Phillips-Wangensteen Building,Phillips-Wangensteen Building,PWB,Minneapolis Campus,"516 Delaware Street SE, Minneapolis 55455",Medical,Medical,Owned,1974,1/1/74,NA,NA,Accessible,NA,580140.97,271140.71,231423.48,77576.78,502564.19,http://campusmaps.umn.edu/phillips-wangensteen-building,http://egis.umn.edu/building_photos/site-building/01-144.jpg,21,18,10,25,157,915,29,75,116,79,98
124,Clinics and Surgery Center,UM Health Clinics and Surgery Center,CSC,Minneapolis Campus,"909 Fulton Street SE, Minneapolis 55455",Medical,Medical,Owned,2016,1/1/16,NA,NA,Accessible,NA,354696.92,198557.44,109909.03,46230.45,308466.46,https://campusmaps.umn.edu/university-minnesota-health-clinics-and-surgery-center,http://egis.umn.edu/building_photos/site-building/01-124.jpg,5,5,1,0,0,72,0,NA,NA,NA,NA
171,CUHCC,Community University Health Care Center,CUHCC,Minneapolis Campus,"2001 Bloomington Avenue S, Minneapolis 55404",Medical,Medical,Owned,1990,1/1/94,NA,NA,Accessible,NA,17855.03,12135.04,3803.71,1916.27,15938.76,http://campusmaps.umn.edu/community-university-health-care-center,https://campusmaps.umn.edu/sites/campusmaps.umn.edu/files/styles/folwell_full/public/2022-05/01-171.jpg?itok=GbscIVFp,1,1,7,0,0,47,0,NA,NA,NA,NA
946,Riverside Professional Building,Riverside Professional Building,RPB,Minneapolis Campus,"606 24th Avenue, Minneapolis 55454",Medical,Medical,Leased,NA,6/23/20,NA,NA,Accessible,NA,8128.62,7290.84,51.92,785.87,7342.75,http://campusmaps.umn.edu/riverside-professional-building,https://campusmaps.umn.edu/sites/campusmaps.umn.edu/files/styles/folwell_full/public/2021-11/Riverside%20Professional%20Building.JPG?itok=hsqO_Xup,NA,NA,NA,0,0,40,0,NA,NA,NA,NA
947,Riverside Park Plaza Building,Riverside Park Plaza Building,RPPB,Minneapolis Campus,"701 25th Avenue S, Minneapolis 55454",Medical,Medical,Leased,NA,6/23/20,NA,NA,Accessible,NA,965.22,960.04,0,5.18,960.04,https://campusmaps.umn.edu/riverside-park-plaza-building,https://campusmaps.umn.edu/sites/campusmaps.umn.edu/files/styles/folwell_full/public/2021-11/Riverside%20Park%20Plaza%20Bldg.JPG?itok=JTRzeCvU,NA,NA,NA,0,0,1,0,NA,NA,NA,NA
952,Minnesota Tech Center,Minnesota Tech Center,MNTC,Minneapolis Campus,"1100 Washington Avenue S, Minneapolis 55415",Medical,Medical,Leased,1991,1/1/91,NA,NA,Accessible,NA,21212.81,17586.91,788.35,2837.54,18375.26,https://campusmaps.umn.edu/minnesota-tech-center,https://egis.umn.edu/building_photos/01-952.jpg,1,1,0,0,1,57,0,NA,NA,NA,NA
950,Fairview Riverside West,Fairview U Med Center - Riverside West,FUMCRW,Minneapolis Campus,"2450 Riverside Avenue S, Minneapolis 55454",Medical,Office,Leased,NA,6/23/20,NA,NA,Accessible,NA,32277.36,17591.75,8005.11,6680.49,25596.86,http://campusmaps.umn.edu/fairview-u-med-center-riverside-west,https://campusmaps.umn.edu/sites/campusmaps.umn.edu/files/styles/folwell_full/public/2021-12/Farview%20U%20Med%20Ctr%20-%20West2.jpg?itok=y32UP0B8,1,1,0,0,34,88,2,NA,NA,NA,NA
951,Fairview U Med Ctr East,Fairview U Med Center - East,FUMCE,Minneapolis Campus,"2414 S 7th Street, Minneapolis 55454",Medical,Office,Leased,NA,6/23/20,NA,NA,Accessible,NA,1179.09,959.79,0,219.3,959.79,http://campusmaps.umn.edu/fairview-u-med-center-east,https://campusmaps.umn.edu/sites/campusmaps.umn.edu/files/styles/folwell_full/public/2021-12/Farview%20U%20Med%20Ctr%20-%20East.JPG?itok=Rsa9qQeu,NA,NA,NA,0,0,8,0,NA,NA,NA,NA
1,Masonic Inst for the Developing Brain,Masonic Institute for the Developing Brain,MIDB,Masonic Inst for the Developing Brain,"2025 E River Parkway, Minneapolis 55414",Medical,Office,Owned,1988,6/23/20,NA,NA,Accessible,NA,118943.78,69064.02,35528.67,14351.09,104592.69,https://campusmaps.umn.edu/masonic-institute-developing-brain,https://egis.umn.edu/building_photos/36-001.jpg,3,3,18,0,75,328,0,22,33,27,30
371,Vet Med South,Veterinary Medical Center South,VETMEDSOUTH,St. Paul Campus,"1352 Boyd Avenue, Saint Paul 55108",Medical,Veterinary,Owned,1948,1/1/48,NA,NA,Accessible,ELIGIBLE,115788.71,67708.62,35755.93,12324.16,103464.55,http://campusmaps.umn.edu/veterinary-medical-center-south,https://campusmaps.umn.edu/sites/campusmaps.umn.edu/files/styles/folwell_full/public/2022-06/veterinary_medical_center_south.jpg?itok=5_evNfoQ,3,3,2,8,59,90,0,14,14,15,26
385,Vet Diagnostic Lab,Veterinary Diagnostic Laboratory,VETDL,St. Paul Campus,"1333 Gortner Avenue, Saint Paul 55108",Medical,Veterinary,Owned,1958,1/1/58,1992,NA,Accessible,NA,82030.15,41319.13,23441.64,17269.38,64760.77,https://campusmaps.umn.edu/veterinary-diagnostic-laboratory,http://egis.umn.edu/building_photos/site-building/02-385.jpg,4,3,3,0,11,50,0,11,14,14,12
434,Raptor Center,Gabbert Raptor Center,GRAPTCTR,St. Paul Campus,"1920 Fitch Avenue, Saint Paul 55108",Medical,Veterinary,Owned,1987,1/1/87,NA,NA,Accessible,NA,24453.75,14715.2,6832.3,2906.25,21547.5,http://campusmaps.umn.edu/gabbert-raptor-center,http://egis.umn.edu/building_photos/site-building/02-434.jpg,1,1,4,0,0,16,0,4,7,3,3
427,Vet Med North,Veterinary Medical Center North,VETMEDNORTH,St. Paul Campus,"1365 Gortner Avenue, Saint Paul 55108",Medical,Veterinary,Owned,1980,1/1/80,NA,NA,Accessible,NA,122759.05,64200.64,47288.8,11269.61,111489.44,http://campusmaps.umn.edu/veterinary-medical-center-north,http://egis.umn.edu/building_photos/site-building/02-427.jpg,5,5,2,0,4,88,0,25,18,28,30
486,Equine Center,Louise and Doug Leatherdale Equine Center,LEQCTR,St. Paul Campus,"1801 Dudley Avenue, Saint Paul 55108",Medical,Veterinary,Owned,2007,1/1/07,NA,NA,Accessible,NA,64809.99,55362.14,4951.6,4496.24,60313.75,http://campusmaps.umn.edu/louise-and-doug-leatherdale-equine-center,http://egis.umn.edu/building_photos/site-building/02-486.jpg,3,3,1,0,1,9,0,17,30,20,30
487,Dudley Barn,Dudley Barn,DBARN,St. Paul Campus,"1809 Dudley Avenue, Saint Paul 55108",Medical,Veterinary,Owned,2011,1/1/11,NA,NA,Accessible,NA,3779.06,3572.29,0,206.77,3572.29,http://campusmaps.umn.edu/dudley-barn,http://egis.umn.edu/building_photos/02-487.jpg,NA,NA,NA,0,0,0,0,NA,NA,NA,NA
119,Steam Utilities Building,Steam Utilities Building,SUB,Minneapolis Campus,"3001 Fairmount Street SE, Minneapolis 55414",Other,Central Service,Owned,1964,1/1/64,NA,NA,Partially Accessible,NA,6816.67,3747.92,222.96,2845.79,3970.87,http://campusmaps.umn.edu/steam-utilities-building,https://egis.umn.edu/building_photos/01-119.jpg,0,0,1,0,0,4,0,1,3,1,1
92,Early Childhood Learning Center,Early Childhood Learning Center,ECLC,Minneapolis Campus,"326 16th Avenue SE, Minneapolis 55414",Other,Central Service,Owned,2021,9/1/21,NA,NA,Accessible,NA,12090.99,9458.79,1695.87,936.33,11154.66,https://campusmaps.umn.edu/early-childhood-learning-center,https://campusmaps.umn.edu/sites/campusmaps.umn.edu/files/styles/folwell_full/public/2022-05/early_childhood_learning_center.jpg?itok=WA1GXEGs,NA,NA,NA,0,0,3,0,NA,NA,NA,NA
123,Washington Ave Pedestrian Bridge,Washington Avenue Pedestrian Bridge,PEDS,Minneapolis Campus,", Minneapolis 55455",Other,Central Service,Owned,1965,1/1/63,NA,NA,Accessible,ELIGIBLE,39464.24,0,38681.02,783.21,38681.02,http://campusmaps.umn.edu/washington-avenue-pedestrian-bridge,https://egis.umn.edu/building_photos/01-123.jpg,NA,NA,NA,0,0,0,0,NA,NA,NA,NA
161,Telecommunications Building,Telecommunications Building,TELECOMB,Minneapolis Campus,"90 Church Street SE, Minneapolis 55455",Other,Central Service,Owned,1985,1/1/85,NA,NA,Accessible,NA,16805.07,7419.16,7640.59,1745.33,15059.74,NA,https://egis.umn.edu/building_photos/01-161.jpg,1,1,0,0,0,16,0,NA,NA,NA,NA
349,Turf Management Center,Golf Course Turf Management Center,GCTMC,St. Paul Campus,"2096 Roselawn Avenue W, Saint Paul 55113",Other,Central Service,Owned,1955,1/1/55,NA,NA,Accessible,NA,4407.08,3793.83,231.83,381.42,4025.67,http://campusmaps.umn.edu/golf-course-turf-management-center,NA,NA,NA,NA,0,0,2,0,2,3,2,2
353,KUOM Transmitter Building,KUOM Transmitter Building,KUOM,St. Paul Campus,"2088 Roselawn Avenue W, Saint Paul 55108",Other,Central Service,Owned,1930,1/1/30,NA,NA,Partially Accessible,NA,811.99,599.31,27.51,185.17,626.82,http://campusmaps.umn.edu/kuom-transmitter-building,NA,NA,NA,NA,0,0,0,0,NA,NA,NA,NA
379,FM Building,Facilities Management Building,FMB,St. Paul Campus,"1936 Commonwealth Avenue, Saint Paul 55108",Other,Central Service,Owned,1953,1/1/53,NA,NA,Partially Accessible,NA,42028.26,32586.45,6959.23,2482.58,39545.68,http://campusmaps.umn.edu/facilities-management-building,http://egis.umn.edu/building_photos/site-building/02-379.jpg,1,2,1,0,0,25,0,11,10,11,12
488,Driven To Discover,Driven to Discover,D2D,St. Paul Campus,"1367 Cosgrove Street, Saint Paul",Other,Mixed Use,Owned,NA,6/23/20,NA,NA,NA,NA,2628.8,2459.51,0,169.29,2459.51,https://campusmaps.umn.edu/driven-discover,NA,NA,NA,NA,0,2,1,0,NA,NA,NA,NA
158A,Washington Ave Parking Ramp Skyway,Washington Avenue Parking Ramp Skyway,SKYWAYW,Minneapolis Campus,"501 Washington Avenue SE, Minneapolis 55455",Other,NA,Other,2002,1/1/02,NA,NA,Accessible,NA,0,0,0,0,0,https://campusmaps.umn.edu/washington-avenue-parking-ramp-skyway,https://egis.umn.edu/building_photos/01-158A.jpg,NA,NA,NA,NA,NA,NA,NA,NA,NA,NA,NA
195,Mpls Park Board Toilet Facility,Mpls Park Board Toilet Facility,PBTF,Minneapolis Campus,"420 E River Parkway, Minneapolis 55455",Other,NA,Other,2006,1/1/06,NA,NA,Accessible,NA,0,0,0,0,0,http://campusmaps.umn.edu/mpls-park-board-toilet-facility,https://egis.umn.edu/building_photos/01-195.jpg,NA,NA,NA,NA,NA,NA,NA,NA,NA,NA,NA
182A,McNamara/Graduate Hotel Tunnel Elev,McNamara/Graduate Hotel Tunnel Elevator,TUNNELM,Minneapolis Campus,"200 Oak Street SE, Minneapolis 55414",Other,NA,Owned,2001,1/1/01,NA,NA,Accessible,NA,0,0,0,0,0,https://campusmaps.umn.edu/mcnamaragraduate-hotel-tunnel-elevator,NA,NA,NA,NA,NA,NA,NA,NA,NA,NA,NA,NA
188A,Tunnel - Univ Av Ramp To Mcnamara,Tunnel - Univ Av Ramp To Mcnamara,TUNNELR,Minneapolis Campus,"1926 University Avenue SE, Minneapolis 55455",Other,NA,Other,2002,1/1/02,NA,NA,Accessible,NA,0,0,0,0,0,https://campusmaps.umn.edu/tunnel-univ-av-ramp-mcnamara,NA,NA,NA,NA,NA,NA,NA,NA,NA,NA,NA,NA
229,2407 University Avenue SE,2407 University Avenue SE,2407UNIV,Minneapolis Campus,"2407 University Avenue SE, Minneapolis 55414",Other,NA,LLC Owned,2013,12/31/13,NA,NA,NA,NA,0,0,0,0,0,https://campusmaps.umn.edu/2407-university-avenue-se,https://egis.umn.edu/building_photos/01-229.jpg,NA,NA,NA,NA,NA,NA,NA,NA,NA,NA,NA
230,2425 University Avenue SE,2425 University Avenue SE,2425UNIV,Minneapolis Campus,"2425 University Avenue SE, Minneapolis 55414",Other,NA,LLC Owned,2013,12/31/13,NA,NA,NA,NA,0,0,0,0,0,https://campusmaps.umn.edu/2425-university-avenue-se,https://egis.umn.edu/building_photos/01-230.jpg,NA,NA,NA,NA,NA,NA,NA,NA,NA,NA,NA
231,325-329 14th Avenue SE,325-329 14th Avenue SE,325-14TH,Minneapolis Campus,"325 14th Avenue SE, Minneapolis 55414",Other,NA,LLC Owned,2023,3/10/23,NA,NA,NA,NA,0,0,0,0,0,https://campusmaps.umn.edu/325-329-14th-avenue-se,https://egis.umn.edu/building_photos/01-231.jpg,NA,NA,NA,NA,NA,NA,NA,NA,NA,NA,NA
232,Advanced Operations Center,Advanced Operations Center,AOC,Minneapolis Campus,"1987 5th Street SE, Minneapolis 55455",Other,NA,Design-Construction,NA,1/1/26,NA,NA,NA,NA,34662.93,23018.98,9352.36,2291.59,32371.34,NA,NA,0,0,1,0,0,0,0,NA,NA,NA,NA
233,2407 USVEAS System Building,2407 University Soil Vapor Extraction and Air Sparging System Building,2407UNIV/SVEAS,Minneapolis Campus,"2407 University Avenue SE, Minneapolis 55414",Other,NA,LLC Owned,NA,12/31/13,NA,NA,NA,NA,0,0,0,0,0,https://campusmaps.umn.edu/2407-university-soil-vapor-extraction-and-air-sparging-system-building,https://egis.umn.edu/building_photos/01-233.jpg,NA,NA,NA,NA,NA,NA,NA,NA,NA,NA,NA
398,Weed Research Lab (USDA),Weed Research Laboratory (USDA),WRL,St. Paul Campus,"1535 Lindig Street, Saint Paul 55108",Other,NA,Other,1964,1/1/64,NA,NA,Not Accessible,NA,0,0,0,0,0,http://campusmaps.umn.edu/weed-research-laboratory-usda,https://egis.umn.edu/building_photos/02-398.jpg,NA,NA,NA,NA,NA,NA,NA,NA,NA,NA,NA
399,Cereal Disease Lab (USDA),Cereal Disease Laboratory (USDA),CDL,St. Paul Campus,"1551 Lindig Street, Saint Paul 55108",Other,NA,Other,1968,1/1/68,NA,NA,NA,NA,0,0,0,0,0,http://campusmaps.umn.edu/cereal-disease-laboratory-usda,http://egis.umn.edu/building_photos/site-building/02-399.jpg,NA,NA,NA,NA,NA,NA,NA,NA,NA,NA,NA
479,North Central Forest Exp Sta Greenhouse (USDA),North Central Forest Experiment Station Greenhouse (USDA),NCFOR,St. Paul Campus,"1561 Lindig Avenue, Saint Paul 55108",Other,NA,Other,NA,6/23/20,NA,NA,NA,NA,0,0,0,0,0,http://campusmaps.umn.edu/north-central-forest-experiment-station-greenhouse-usda,https://egis.umn.edu/building_photos/02-479.jpg,NA,NA,NA,NA,NA,NA,NA,NA,NA,NA,NA
988,3300 University Avenue SE,3300 University Avenue SE,3300UNIV,Minneapolis Campus,"3300 University Ave SE, Minneapolis 55414",Other,Social / Student Life,Leased,NA,6/23/20,NA,NA,NA,NA,0,0,0,0,0,https://campusmaps.umn.edu/3300-university-avenue-se,NA,NA,NA,NA,NA,NA,NA,NA,NA,NA,NA,NA
106,104 Union Street,104 Union Street,104UNST,Minneapolis Campus,"104 Union Street SE, Minneapolis 55455",Other,Storage / Warehouse,Owned,1966,1/1/66,NA,NA,Not Accessible,NA,476.89,390.5,0,86.39,390.5,http://campusmaps.umn.edu/104-union-street,https://campusmaps.umn.edu/sites/campusmaps.umn.edu/files/styles/folwell_full/public/2022-05/104_union_street.jpg?itok=bMVGs5TT,NA,NA,NA,0,1,1,0,NA,NA,NA,NA
270,Storage at Hydraulic Lab,Storage at Hydraulic Lab,STORHL,Minneapolis Campus,"23rd Avenue SE, Minneapolis 55455",Other,Storage / Warehouse,Owned,1945,1/1/45,NA,NA,Partially Accessible,NA,4000.14,3724.16,0,275.98,3724.16,https://campusmaps.umn.edu/storage-hydraulic-lab,NA,NA,NA,NA,0,1,0,0,NA,NA,NA,NA
104,Murphy Warehouse,Murphy Warehouse,MUWC,Murphy Warehouse,"701 24th Avenue SE, Minneapolis 55414",Other,Storage / Warehouse,Owned,NA,6/23/20,NA,NA,Partially Accessible,NA,1141618.6,682599.23,10898.62,448120.75,693497.85,https://campusmaps.umn.edu/murphy-warehouse,https://egis.umn.edu/building_photos/35-104.jpg,1,1,0,0,0,62,0,NA,NA,NA,NA
3,Landcare Shed,MIDB Landcare Shed,MIDBLS,Masonic Inst for the Developing Brain,"2025 E River Parkway, Minneapolis 55414",Other,Storage / Warehouse,Owned,NA,6/23/20,NA,NA,NA,NA,1528.16,1528.16,0,0,1528.16,https://campusmaps.umn.edu/midb-landcare-shed,NA,NA,NA,NA,0,0,0,0,NA,NA,NA,NA
34,Main Energy Plant,Main Energy Plant,EP,Minneapolis Campus,"1180 Main Street SE, Minneapolis 55414",Other,Utility,Owned,1912,1/1/12,2014,NA,Not Accessible,NA,111557.4,23593.46,32353.41,55610.53,55946.88,http://campusmaps.umn.edu/main-energy-plant,http://egis.umn.edu/building_photos/site-building/01-034.jpg,NA,NA,NA,0,0,11,0,NA,NA,NA,NA
23,Fulton Switch Station,Fulton Switch Station,FULTSS,Minneapolis Campus,"620 Fulton Street SE, Minneapolis 55455",Other,Utility,Owned,1995,1/1/95,NA,NA,NA,NA,7063.94,0,6378.44,685.5,6378.44,http://campusmaps.umn.edu/fulton-switch-station,https://egis.umn.edu/building_photos/01-023.jpg,NA,NA,NA,0,0,0,0,NA,NA,NA,NA
39,Coal Storage,Coal Storage Building,COALSTOR,Minneapolis Campus,"1200 Main Street SE, Minneapolis 55455",Other,Utility,Owned,2000,1/1/00,NA,NA,Accessible,NA,18592.06,0,17282.37,1309.69,17282.37,http://campusmaps.umn.edu/coal-storage-building,https://egis.umn.edu/building_photos/01-039.jpg,NA,NA,NA,0,0,0,0,NA,NA,NA,NA
59,SE Steam Plant,Southeast Steam Plant,SESTEAM,Minneapolis Campus,"600 Main Street SE, Minneapolis 55455",Other,Utility,Owned,1902,1/1/02,1997,NA,Partially Accessible,LISTED,78480,5807.17,59687.11,12985.72,65494.28,http://campusmaps.umn.edu/southeast-steam-plant,https://egis.umn.edu/building_photos/01-059.jpg,0,0,4,0,0,6,0,NA,NA,NA,NA
034A,Coal Unloading Facility,Coal Unloading Facility,COALUFAC,Minneapolis Campus,"1185 Main Street SE, Minneapolis 55455",Other,Utility,Owned,1990,1/1/90,NA,NA,Accessible,NA,4209.22,0,4023,186.22,4023,http://campusmaps.umn.edu/coal-unloading-facility,https://egis.umn.edu/building_photos/01-034A.jpg,NA,NA,NA,0,0,0,0,NA,NA,NA,NA
38,Auxiliary Support,Auxiliary Support Building,ASB,Minneapolis Campus,"1260 Main Street SE, Minneapolis 55455",Other,Utility,Owned,NA,6/23/20,NA,NA,NA,NA,564.72,0,432.88,131.84,432.88,NA,NA,NA,NA,NA,0,0,0,0,NA,NA,NA,NA
85,Como Switch Station,Como Switch Station,COMOSS,Minneapolis Campus,"820 29th Avenue SE, Minneapolis 55414",Other,Utility,Owned,1967,1/1/67,NA,NA,NA,NA,0,0,0,0,0,NA,https://egis.umn.edu/building_photos/01-085.jpg,NA,NA,NA,NA,NA,NA,NA,NA,NA,NA,NA
160,4th Street Switch Station,4th Street Switch Station,4THSS,Minneapolis Campus,"1521 4th Street SE, Minneapolis 55455",Other,Utility,Owned,2000,1/1/00,NA,NA,Partially Accessible,NA,19907.32,8227.99,9676.7,2002.63,17904.69,http://campusmaps.umn.edu/4th-street-switch-station,https://egis.umn.edu/building_photos/01-160.jpg,1,1,0,0,0,9,0,3,4,2,5
199,East Gateway District Steam Distr,East Gateway District Steam Distribution Building,EGDSB,Minneapolis Campus,"2030 University Avenue SE, Minneapolis 55455",Other,Utility,Owned,2008,1/1/08,NA,NA,Accessible,NA,1646.22,0,1268.81,377.41,1268.81,http://campusmaps.umn.edu/east-gateway-district-steam-distribution-building,https://egis.umn.edu/building_photos/01-199.jpg,0,0,1,0,0,0,0,NA,NA,NA,NA
264,Horizontal Groundwater Recovery Well,Horizontal Groundwater Recovery Well,HGRW,Minneapolis Campus,"201 21st Avenue S, Minneapolis 55455",Other,Utility,Owned,2005,1/1/05,NA,NA,Not Accessible,NA,620.26,0,364,256.26,364,http://campusmaps.umn.edu/horizontal-groundwater-recovery-well,https://egis.umn.edu/building_photos/01-264.jpg,NA,NA,NA,0,0,0,0,NA,NA,NA,NA
263,Main Energy Plant Meter Shed,Main Energy Plant Meter Shed,EPMS,Minneapolis Campus,"1200 Main Street SE, Minneapolis 55455",Other,Utility,Owned,1999,8/18/99,NA,NA,NA,NA,183.72,0,157.08,26.63,157.08,https://campusmaps.umn.edu/main-energy-plant-meter-shed,https://egis.umn.edu/building_photos/01-263.jpg,NA,NA,NA,0,0,0,0,NA,NA,NA,NA
318,Metering Station,Metering Station,METSTA,St. Paul Campus,"1534 Cleveland Avenue, Saint Paul 55108",Other,Utility,Owned,1972,1/1/72,NA,NA,Not Accessible,NA,845.6,0,730.61,114.99,730.61,http://campusmaps.umn.edu/metering-station,https://egis.umn.edu/building_photos/02-318.jpg,NA,NA,NA,0,0,0,0,NA,NA,NA,NA
340,Well and Pumphouse Experimental Plots,Experimental Plots Well and Pumphouse,WPHS,St. Paul Campus,"1804 Roselawn Avenue W, Saint Paul 55108",Other,Utility,Owned,1978,1/1/78,NA,NA,NA,NA,177.78,0,144,33.78,144,https://campusmaps.umn.edu/experimental-plots-well-and-pumphouse,NA,NA,NA,NA,0,0,0,0,NA,NA,NA,NA
377,Spherical Water Tank,Spherical Water Tank,WAT,St. Paul Campus,"2000 Upper Buford Circle, Saint Paul 55108",Other,Utility,Owned,1952,1/1/52,NA,NA,Not Accessible,NA,555.89,0,415.48,140.41,415.48,http://campusmaps.umn.edu/spherical-water-tank,https://egis.umn.edu/building_photos/02-377.jpg,NA,NA,NA,0,0,0,0,NA,NA,NA,NA
378,Pump House No 3,Pump House No. 3,WELL,St. Paul Campus,"1897 Commonwealth Avenue, Saint Paul 55108",Other,Utility,Owned,1953,1/1/53,NA,NA,Not Accessible,NA,330.67,0,232,98.67,232,http://campusmaps.umn.edu/pump-house-no-3,https://egis.umn.edu/building_photos/02-378.jpg,NA,NA,NA,0,0,0,0,NA,NA,NA,NA
380,St Paul Heating Plant,St. Paul Heating Plant,STPHP,St. Paul Campus,"1952 Commonwealth Avenue, Saint Paul 55108",Other,Utility,Owned,1954,1/1/58,NA,NA,Not Accessible,NA,50555.66,5200.43,42176.3,3178.93,47376.73,http://campusmaps.umn.edu/st-paul-heating-plant,http://egis.umn.edu/building_photos/site-building/02-380.jpg,0,0,3,0,0,2,0,NA,NA,NA,NA
440,St Paul Chiller Plant,St. Paul Chiller Plant,CHPLNT,St. Paul Campus,"1518 Cleveland Avenue N, Saint Paul 55108",Other,Utility,Owned,1938,1/1/38,NA,NA,Accessible,ELIGIBLE,16472.09,0,14291.55,2180.54,14291.55,http://campusmaps.umn.edu/st-paul-chiller-plant,http://egis.umn.edu/building_photos/ChPlnt/photo.jpg,0,0,1,0,0,0,0,NA,NA,NA,NA
445,Fitch Ave Utility Building,Fitch Avenue Utility Building,UTILBLDG,St. Paul Campus,"1895 Fitch Avenue, Saint Paul 55108",Other,Utility,Owned,2006,1/1/09,NA,NA,Accessible,NA,26109.33,0,24008.21,2101.12,24008.21,http://campusmaps.umn.edu/fitch-avenue-utility-building,https://egis.umn.edu/building_photos/02-445.jpg,0,0,1,0,0,0,0,NA,NA,NA,NA
164,Fairview Patient & Visitor Ramp,M Health Fairview Patient and Visitor Parking Ramp,FPVR,Minneapolis Campus,"601 Delaware Street SE, Minneapolis 55454",Parking Structure,NA,Other,NA,6/23/20,NA,NA,Accessible,NA,0,0,0,0,0,https://campusmaps.umn.edu/m-health-fairview-patient-and-visitor-parking-ramp,https://campusmaps.umn.edu/sites/campusmaps.umn.edu/files/styles/folwell_full/public/2022-06/m_health_fairview_patient_and_visitor_parking_ramp.jpg?itok=LjPhbZyH,NA,NA,NA,NA,NA,NA,NA,NA,NA,NA,NA
011G,Armory Garage,Armory Garage,ARMG,Minneapolis Campus,"1800 University Avenue SE, Minneapolis 55455",Parking Structure,Parking,Owned,1896,NA,NA,NA,Partially Accessible,NA,6227.09,5566.28,79.91,580.9,5646.19,https://pts.umn.edu/park-and-drive/general-information/facilities/armory-garage,https://egis.umn.edu/building_photos/01-011G.jpg,NA,NA,NA,0,0,3,0,NA,NA,NA,NA
057G,Nolte Garage,Nolte Center Garage,NCG,Minneapolis Campus,"14 Church Street SE, Minneapolis 55455",Parking Structure,Parking,Owned,2011,6/25/11,NA,NA,NA,NA,50993.12,46762.24,2389.97,1840.91,49152.22,https://pts.umn.edu/park-and-drive/general-information/facilities/nolte-center-garage,http://egis.umn.edu/building_photos/NCCE/photo.jpg,0,1,0,0,0,0,0,NA,NA,NA,NA
053G,Northrop Garage,Northrop Memorial Auditorium Garage,NMAG,Minneapolis Campus,"89 Pleasant Street SE, Minneapolis 55455",Parking Structure,Parking,Owned,2011,6/25/11,NA,NA,NA,NA,35340.14,26649.78,6374.03,2316.33,33023.81,https://pts.umn.edu/park-and-drive/general-information/facilities/northrop-auditorium-garage,https://egis.umn.edu/building_photos/01-053G.jpg,NA,NA,NA,0,0,0,0,NA,NA,NA,NA
126G,Keeler Garage,Keeler Apartments Garage,KAPTSG,Minneapolis Campus,"317 17th Avenue SE, Minneapolis 55455",Parking Structure,Parking,Owned,1900,1/3/00,NA,NA,NA,NA,16089.11,14512.78,539.42,1036.91,15052.2,https://campusmaps.umn.edu/keeler-apartments-garage,https://egis.umn.edu/building_photos/01-126G.jpg,NA,NA,NA,0,0,0,0,NA,NA,NA,NA
141,Oak St Ramp,Oak Street Ramp,OSR,Minneapolis Campus,"401 Oak Street SE, Minneapolis 55455",Parking Structure,Parking,Owned,1973,1/1/73,NA,NA,Accessible,NA,801915.85,694987.3,84721.78,22206.77,779709.08,https://pts.umn.edu/park-and-drive/general-information/facilities/oak-street-ramp,http://egis.umn.edu/building_photos/site-building/01-141.jpg,0,0,3,0,0,0,0,12,0,12,12
170,4th St Ramp,4th Street Ramp,FSR,Minneapolis Campus,"1625 4th Street SE, Minneapolis 55455",Parking Structure,Parking,Owned,1990,1/1/90,NA,NA,Accessible,NA,423028.86,397894.29,14705.21,10429.36,412599.51,https://pts.umn.edu/park-and-drive/general-information/facilities/fourth-street-ramp,http://egis.umn.edu/building_photos/site-building/01-170.jpg,1,1,0,0,0,3,0,11,0,8,15
172G,Weisman Garage,Weisman Art Museum Garage,WAMG,Minneapolis Campus,"333 E River Road, Minneapolis 55455",Parking Structure,Parking,Owned,1992,1/1/92,NA,NA,NA,NA,47773.91,41695.85,3233.55,2844.52,44929.4,https://pts.umn.edu/park-and-drive/general-information/facilities/art-museum-garage,http://egis.umn.edu/building_photos/walterlibrary.jpg,NA,NA,NA,0,0,0,0,NA,NA,NA,NA
158,Washington Ave Ramp,Washington Avenue Ramp,WAR,Minneapolis Campus,"501 Washington Avenue SE, Minneapolis 55455",Parking Structure,Parking,Owned,1984,1/1/84,NA,NA,Accessible,NA,451328.75,421213.83,18992.27,11122.66,440206.09,https://pts.umn.edu/park-and-drive/general-information/facilities/washington-avenue-ramp,http://egis.umn.edu/building_photos/site-building/01-158.jpg,0,0,1,0,0,12,0,9,0,9,9
163,Church St Garage,Church Street Garage,CSG,Minneapolis Campus,"80 Church Street SE, Minneapolis 55455",Parking Structure,Parking,Owned,1985,1/1/85,NA,NA,Accessible,NA,85926.64,77983.82,3575.72,4367.11,81559.54,https://pts.umn.edu/park-and-drive/general-information/facilities/church-street-garage,http://egis.umn.edu/building_photos/site-building/01-163.jpg,NA,NA,NA,0,0,0,0,NA,NA,NA,NA
192G,University Office Plaza Garage,University Office Plaza Garage,UOPG,Minneapolis Campus,"2221 University Ave SE, Minneapolis 55414",Parking Structure,Parking,Owned,2014,6/28/14,NA,NA,NA,NA,24931.69,22920.2,921.25,1090.25,23841.45,https://pts.umn.edu/park-and-drive/general-information/facilities/university-office-plaza-garage,https://egis.umn.edu/building_photos/01-192G.jpg,NA,NA,NA,0,0,0,0,NA,NA,NA,NA
193G,717 Delaware St SE Garage,717 Delaware St SE Garage,717DELG,Minneapolis Campus,"344 Oak Street SE, Minneapolis 55414",Parking Structure,Parking,Owned,2011,6/25/11,NA,NA,Accessible,NA,32487.46,29181.05,2142.84,1163.58,31323.88,https://pts.umn.edu/park-and-drive/general-information/facilities/717-delaware-garage,https://egis.umn.edu/building_photos/01-193G.jpg,NA,NA,NA,0,0,0,0,NA,NA,NA,NA
183,East River Rd Garage,East River Road Garage,ERRG,Minneapolis Campus,"391 E River Parkway, Minneapolis 55455",Parking Structure,Parking,Owned,2002,1/1/02,NA,NA,Accessible,NA,684819.16,637160.16,30968.47,16690.53,668128.63,https://pts.umn.edu/park-and-drive/general-information/facilities/east-river-road-garage,http://egis.umn.edu/building_photos/site-building/01-183.jpg,NA,NA,NA,0,0,0,0,11,0,11,11
188,University Ave Ramp,University Avenue Ramp,UAR,Minneapolis Campus,"1926 University Avenue SE, Minneapolis 55455",Parking Structure,Parking,Owned,1998,1/1/00,NA,NA,Accessible,NA,217274.05,203911.73,6881.33,6480.99,210793.05,https://pts.umn.edu/park-and-drive/general-information/facilities/university-avenue-ramp,http://egis.umn.edu/building_photos/site-building/01-188.jpg,0,0,1,0,0,0,0,11,0,11,12
214,21st Ave Ramp,21st Avenue Ramp,TAR,Minneapolis Campus,"400 21st Avenue S, Minneapolis 55455",Parking Structure,Parking,Owned,1984,1/1/84,NA,NA,Accessible,NA,218750.41,208908.42,4269.33,5572.65,213177.76,https://pts.umn.edu/park-and-drive/general-information/facilities/21st-avenue-ramp,http://egis.umn.edu/building_photos/site-building/01-214.jpg,NA,NA,NA,0,0,0,0,6,0,6,6
219,West Bank Office Building Ramp,West Bank Office Building Ramp,WBOBR,Minneapolis Campus,"1300 2nd Street S, Minneapolis 55455",Parking Structure,Parking,Owned,1987,1/1/87,NA,NA,Accessible,NA,233545.67,229013.98,1316.15,3215.54,230330.13,https://pts.umn.edu/park-and-drive/general-information/facilities/west-bank-office-building-ramp,http://egis.umn.edu/building_photos/site-building/01-219.jpg,NA,NA,NA,0,0,0,0,2,0,1,2
217,19th Ave Ramp,19th Avenue Ramp,NAR,Minneapolis Campus,"300 19th Avenue S, Minneapolis 55455",Parking Structure,Parking,Owned,1994,1/1/94,NA,NA,Accessible,NA,172723.45,161278.12,5653.5,5791.84,166931.62,https://pts.umn.edu/park-and-drive/general-information/facilities/19th-avenue-ramp,http://egis.umn.edu/building_photos/site-building/01-217.jpg,0,0,1,0,0,1,0,5,0,5,5
222,Prospect Park Ramp,Prospect Park Ramp,PPR,Minneapolis Campus,"2829 University Avenue SE, Minneapolis 55455",Parking Structure,Parking,Owned,1972,11/4/20,NA,NA,NA,NA,112622.21,106991.5,1553,4077.71,108544.5,https://pts.umn.edu/park-and-drive/general-information/facilities/prospect-park-ramp,NA,NA,NA,NA,0,0,0,0,NA,NA,NA,NA
483,Gortner Ave Ramp,Gortner Avenue Ramp,GAR,St. Paul Campus,"1395 Gortner Avenue, Saint Paul 55108",Parking Structure,Parking,Owned,2000,1/1/00,NA,NA,Accessible,NA,271703.51,258704.3,7511.28,5487.94,266215.58,https://pts.umn.edu/park-and-drive/general-information/facilities/gortner-avenue-ramp,http://egis.umn.edu/building_photos/site-building/02-483.jpg,0,0,1,0,0,1,0,7,0,7,7
2,Parkway South Ramp,Parkway South Ramp,PSR,Masonic Inst for the Developing Brain,"2025 E River Parkway, Minneapolis 55414",Parking Structure,Parking,Owned,NA,6/23/20,NA,NA,NA,NA,112292.01,108633.58,684.34,2974.09,109317.91,https://pts.umn.edu/park-and-drive/general-information/facilities/parkway-south-ramp,NA,NA,NA,NA,0,0,0,0,NA,NA,NA,NA
61,10 Church Street,10 Church Street Building,10CHURCH,Minneapolis Campus,"10 Church Street SE, Minneapolis 55455",Performance / Exhibition / Conference,Performance / Exhibition / Conf,Owned,1939,1/1/39,NA,NA,Accessible,ELIGIBLE,86045.24,46782.8,22927.2,16335.25,69710,https://campusmaps.umn.edu/10-church-street-building,http://egis.umn.edu/building_photos/site-building/01-061.jpg,3,4,1,7,2,33,4,7,12,7,7
53,Northrop Auditorium,Northrop Memorial Auditorium,NMA,Minneapolis Campus,"84 Church Street SE, Minneapolis 55455",Performance / Exhibition / Conference,Performance / Exhibition / Conf,Owned,1928,1/1/28,2014,NA,Accessible,LISTED,389547.79,72126.92,108536.47,208884.39,180663.39,http://campusmaps.umn.edu/northrop-memorial-auditorium,http://egis.umn.edu/building_photos/site-building/01-053.jpg,9,9,9,0,2,103,0,38,50,19,61
172,Weisman,The Frederick R Weisman Art Museum,WEISMANAR,Minneapolis Campus,"333 E River Parkway, Minneapolis 55455",Performance / Exhibition / Conference,Performance / Exhibition / Conf,Owned,1992,1/1/92,2011,NA,Accessible,NA,79539.96,35415.11,12055.46,32069.4,47470.57,http://campusmaps.umn.edu/frederick-r-weisman-art-museum,http://egis.umn.edu/building_photos/site-building/01-172.jpg,1,1,3,0,0,19,0,3,0,3,3
273,Ted Mann Concert Hall,Ted Mann Concert Hall,MANNCONC,Minneapolis Campus,"2128 4th Street S, Minneapolis 55455",Performance / Exhibition / Conference,Performance / Exhibition / Conf,Owned,1991,1/1/91,NA,NA,Accessible,NA,106494.3,32383.79,33551.91,40558.59,65935.71,http://campusmaps.umn.edu/ted-mann-concert-hall,http://egis.umn.edu/building_photos/site-building/01-273.jpg,2,2,0,0,5,6,0,16,14,4,16
420,Continuing Education and Conf Center,University of Minnesota Continuing Education and Conference Center,CECC,St. Paul Campus,"1890 Buford Avenue, Saint Paul 55108",Performance / Exhibition / Conference,Performance / Exhibition / Conf,Owned,1976,1/1/76,NA,NA,Accessible,NA,72140.11,29638.16,37481.79,5020.17,67119.95,http://campusmaps.umn.edu/university-minnesota-continuing-education-and-conference-center,http://egis.umn.edu/building_photos/site-building/02-420.jpg,3,3,1,0,0,9,0,12,11,12,12
489,Bell Museum,Bell Museum,BELLMUSE,St. Paul Campus,"2088 Larpenteur Avenue W, Saint Paul 55108",Performance / Exhibition / Conference,Performance / Exhibition / Conf,Owned,2018,1/1/18,NA,NA,Accessible,NA,105582.13,53573.11,31214.18,20794.84,84787.29,https://campusmaps.umn.edu/bell-museum,http://egis.umn.edu/building_photos/BellMus/photo.jpg,2,2,3,0,0,13,0,9,23,7,12
482,Crossroads Building,Crossroads Building,CROSSBLDG,St. Paul Campus,"1670 Dan Patch Avenue, Saint Paul 55108",Performance / Exhibition / Conference,Performance / Exhibition / Conf,Leased,1999,1/1/99,NA,NA,NA,NA,5575.5,5143.15,47.81,384.54,5190.96,http://campusmaps.umn.edu/crossroads-building,NA,0,0,1,0,0,0,0,NA,NA,NA,NA
4,Gazebo,MIDB Gazebo,MIDBG,Masonic Inst for the Developing Brain,"2025 E River Parkway, Minneapolis 55414",Performance / Exhibition / Conference,Performance / Exhibition / Conf,Design-Construction,NA,6/23/20,NA,NA,NA,NA,0,0,0,0,0,https://campusmaps.umn.edu/midb-gazebo,NA,NA,NA,NA,NA,NA,NA,NA,NA,NA,NA,NA
30,Wilkins Hall,Roy Wilkins Hall,WILKINSH,Minneapolis Campus,"1212 University Avenue SE, Minneapolis 55455",Residential,Residential,Owned,1996,1/1/96,NA,NA,Accessible,NA,74584.22,48668.43,14661.47,11254.33,63329.9,http://campusmaps.umn.edu/roy-wilkins-hall,http://egis.umn.edu/building_photos/site-building/01-030.jpg,1,1,0,0,0,3,0,18,5,9,31
28,Sanford Hall,Sanford Hall,SANH,Minneapolis Campus,"1122 University Avenue SE, Minneapolis 55455",Residential,Residential,Owned,1909,1/1/09,2002,NA,Accessible,LISTED,157069.66,89446.03,44847.5,22776.14,134293.53,http://campusmaps.umn.edu/sanford-hall,http://egis.umn.edu/building_photos/site-building/01-028.jpg,2,2,3,0,0,5,0,40,18,41,49
63,Comstock Hall,Comstock Hall,COMH,Minneapolis Campus,"210 Delaware Street SE, Minneapolis 55455",Residential,Residential,Owned,1938,1/1/38,NA,NA,Accessible,NA,184864.31,99410.36,48132.83,37321.12,147543.19,http://campusmaps.umn.edu/comstock-hall,http://egis.umn.edu/building_photos/site-building/01-063.jpg,1,1,5,0,0,38,0,38,8,40,74
52,Pioneer Hall,Pioneer Hall,PIOH,Minneapolis Campus,"615 Fulton Street SE, Minneapolis 55455",Residential,Residential,Owned,1928,1/1/25,2019,NA,Accessible,NA,316335.63,156624.95,66633.46,93077.22,223258.41,http://campusmaps.umn.edu/pioneer-hall,http://egis.umn.edu/building_photos/site-building/01-052.jpg,1,1,2,0,0,12,30,30,7,27,70
105,Territorial Hall,Territorial Hall,TERRH,Minneapolis Campus,"417 Walnut Street SE, Minneapolis 55455",Residential,Residential,Owned,1957,1/1/57,1999,NA,Accessible,NA,138705.24,90467.8,31137.31,17100.12,121605.11,http://campusmaps.umn.edu/territorial-hall,http://egis.umn.edu/building_photos/site-building/01-105.jpg,0,0,1,0,0,6,0,38,3,36,87
110,Frontier Hall,Frontier Hall,FRONH,Minneapolis Campus,"701 Fulton Street SE, Minneapolis 55455",Residential,Residential,Owned,1958,1/1/58,2001,NA,Accessible,NA,153854.83,97147.34,37047.89,19659.6,134195.23,http://campusmaps.umn.edu/frontier-hall,http://egis.umn.edu/building_photos/site-building/01-110.jpg,0,0,2,0,2,7,0,23,2,16,40
68,Centennial Hall,Centennial Hall,CENH,Minneapolis Campus,"614 Delaware Street SE, Minneapolis 55455",Residential,Residential,Owned,1949,1/1/49,NA,NA,Accessible,NA,233481.19,134433.27,64790.02,34257.91,199223.28,http://campusmaps.umn.edu/centennial-hall,http://egis.umn.edu/building_photos/site-building/01-068.jpg,1,1,3,0,0,8,1,54,4,50,122
126,Keeler Apartments,Keeler Apartments,KAPTS,Minneapolis Campus,"317 17th Avenue SE, Minneapolis 55455",Residential,Residential,Owned,NA,1/1/03,NA,NA,Accessible,NA,82854.03,60108.74,12881.39,9863.9,72990.13,http://campusmaps.umn.edu/keeler-apartments-and-university-international-center,http://egis.umn.edu/building_photos/site-building/01-963.jpg,1,1,5,0,0,69,1,9,20,14,15
129,17th Ave Residence Hall,17th Avenue Residence Hall,17RH,Minneapolis Campus,"326 17th Avenue SE, Minneapolis 55455",Residential,Residential,Owned,2012,1/1/13,NA,NA,Accessible,NA,230763.38,131063.82,70055.17,29644.39,201118.99,http://campusmaps.umn.edu/17th-avenue-residence-hall,http://egis.umn.edu/building_photos/site-building/01-129.jpg,2,2,8,0,0,15,0,67,21,76,129
189,Yudof Hall,Mark G Yudof Hall,MGYH,Minneapolis Campus,"220 Delaware Street SE, Minneapolis 55455",Residential,Residential,Owned,2002,1/1/02,NA,NA,Accessible,NA,186135.44,108478.2,46460.25,31196.98,154938.46,http://campusmaps.umn.edu/mark-g-yudof-hall,http://egis.umn.edu/building_photos/site-building/01-189.jpg,0,0,6,0,0,4,0,28,9,24,52
213,West Bank Student Housing,West Bank Student Housing,WBSTUH,Minneapolis Campus,"520-28 22 Avenue S, Minneapolis 55455",Residential,Residential,Owned,1983,1/1/83,NA,NA,Not Accessible,NA,7259.17,6337.33,0,921.83,6337.33,http://campusmaps.umn.edu/west-bank-student-housing,https://campusmaps.umn.edu/sites/campusmaps.umn.edu/files/styles/folwell_full/public/2021-11/West%20Bank%20Student%20Housing_1.JPG?itok=48Zx6v3F,NA,NA,NA,0,0,0,0,NA,NA,NA,NA
208,Middlebrook Hall,Middlebrook Hall,MDBH,Minneapolis Campus,"412 22nd Avenue S, Minneapolis 55455",Residential,Residential,Owned,1967,1/1/67,2001,NA,Accessible,NA,262158.48,138467.72,85544.42,38146.34,224012.14,http://campusmaps.umn.edu/middlebrook-hall,http://egis.umn.edu/building_photos/site-building/01-208.jpg,1,1,3,0,0,14,0,72,30,67,106
226,415 Erie St SE Apartments,415 Erie St SE Apartments,415ERIE,Minneapolis Campus,"415 Erie Street SE, Minneapolis 55455",Residential,Residential,Owned,2020,3/31/20,NA,NA,NA,NA,12956.32,9258.29,1779.71,1918.31,11038,https://campusmaps.umn.edu/415-erie-st-se-apartments,https://egis.umn.edu/building_photos/01-226.jpg,NA,NA,NA,0,0,0,0,NA,NA,NA,NA
227,419 Erie St SE Apartments,419 Erie St SE Apartments,419ERIE,Minneapolis Campus,"419 Erie Street SE, Minneapolis 55455",Residential,Residential,Owned,2020,3/31/20,NA,NA,NA,NA,12956.32,9258.29,1779.71,1918.31,11038,https://campusmaps.umn.edu/419-erie-st-se-apartments,https://egis.umn.edu/building_photos/01-227.jpg,NA,NA,NA,0,0,0,0,NA,NA,NA,NA
228,425 Erie St SE Apartments,425 Erie St SE Apartments,425ERIE,Minneapolis Campus,"425 Erie Street SE, Minneapolis 55455",Residential,Residential,Owned,2020,3/31/20,NA,NA,NA,NA,12956.32,9258.29,1779.71,1918.31,11038,https://campusmaps.umn.edu/425-erie-st-se-apartments,https://egis.umn.edu/building_photos/01-228.jpg,NA,NA,NA,0,0,0,0,NA,NA,NA,NA
223,414 Erie St SE Apartments,414 Erie St SE Apartments,414ERIE,Minneapolis Campus,"414 Erie Street SE, Minneapolis 55414",Residential,Residential,Owned,2020,3/31/20,NA,NA,NA,NA,15312.9,11505.92,1530.68,2276.31,13036.59,https://campusmaps.umn.edu/414-erie-st-se-apartments,https://egis.umn.edu/building_photos/01-223.jpg,NA,NA,NA,0,0,0,0,NA,NA,NA,NA
224,1015 Essex St SE Apartments,1015 Essex St SE Apartments,1015ESSEX,Minneapolis Campus,"1015 Essex Street SE, Minneapolis 55414",Residential,Residential,Owned,NA,4/16/20,NA,NA,NA,NA,34988.31,25369.54,4615.66,5003.12,29985.19,https://campusmaps.umn.edu/1015-essex-st-se-apartments,https://egis.umn.edu/building_photos/01-224.jpg,NA,NA,NA,0,0,0,0,NA,NA,NA,NA
983,Radius @15th,Radius @15th,RADIUS,Minneapolis Campus,"701 15th Avenue SE, Minneapolis 55414",Residential,Residential,Leased,NA,6/23/20,NA,NA,Accessible,NA,334973.34,251749.79,37827.32,45396.23,289577.12,https://campusmaps.umn.edu/radius-15th,https://campusmaps.umn.edu/sites/campusmaps.umn.edu/files/styles/folwell_full/public/2022-02/RadiusExterior-HallExterior.jpg?itok=IoPUzMRW,1,1,0,0,0,8,6,NA,NA,NA,NA
986,U Village Apartments,University Village Apartments,UVILLAPTS,Minneapolis Campus,"2601 University Avenue SE, Minneapolis 55414",Residential,Residential,Leased,NA,6/23/20,NA,NA,NA,NA,0,0,0,0,0,https://campusmaps.umn.edu/university-village-apartments,https://egis.umn.edu/building_photos/01-986.jpg,NA,NA,NA,NA,NA,NA,NA,NA,NA,NA,NA
383,Bailey Hall,Bailey Hall,BAH,St. Paul Campus,"1458 Cleveland Avenue N, Saint Paul 55108",Residential,Residential,Owned,1956,1/1/56,1979,NA,Accessible,NA,117054.24,75111.09,26918.7,15024.46,102029.78,http://campusmaps.umn.edu/bailey-hall,https://campusmaps.umn.edu/sites/campusmaps.umn.edu/files/styles/folwell_full/public/2022-06/bailey_hall.jpg?itok=kyBb-xLd,0,0,5,0,0,7,0,17,20,17,55
5,Pillsbury Court Apts 1001-1011,Pillsbury Court Apts 1001-1011,PC005,Pillsbury Court,"10th Avenue Se & 5th Street Se, Minneapolis 55455",Residential,Residential,Owned,1964,1/1/64,NA,NA,Not Accessible,NA,8470,7486.81,0,983.19,7486.81,https://campusmaps.umn.edu/pillsbury-court-apts,http://egis.umn.edu/building_photos/PillsCt/photo.jpg,NA,NA,NA,0,0,0,0,NA,NA,NA,NA
6,Pillsbury Court Apts 1013-1023,Pillsbury Court Apts 1013-1023,PC006,Pillsbury Court,"10th Avenue Se & 5th Street Se, Minneapolis 55455",Residential,Residential,Owned,1964,1/1/64,NA,NA,Not Accessible,NA,8470,7486.81,0,983.19,7486.81,https://campusmaps.umn.edu/pillsbury-court-apts,http://egis.umn.edu/building_photos/PillsCt/photo.jpg,NA,NA,NA,0,0,0,0,NA,NA,NA,NA
7,Pillsbury Court Apts 1031-1041,Pillsbury Court Apts 1031-1041,PC007,Pillsbury Court,"10th Avenue Se & 5th Street Se, Minneapolis 55455",Residential,Residential,Owned,1964,1/1/64,NA,NA,Not Accessible,NA,8470,7486.81,0,983.19,7486.81,https://campusmaps.umn.edu/pillsbury-court-apts,http://egis.umn.edu/building_photos/PillsCt/photo.jpg,NA,NA,NA,0,0,0,0,NA,NA,NA,NA
8,Pillsbury Court Apts 1043-1053,Pillsbury Court Apts 1043-1053,PC008,Pillsbury Court,"10th Avenue Se & 5th Street Se, Minneapolis 55455",Residential,Residential,Owned,1964,1/1/64,NA,NA,Not Accessible,NA,8470,7486.81,0,983.19,7486.81,https://campusmaps.umn.edu/pillsbury-court-apts,http://egis.umn.edu/building_photos/PillsCt/photo.jpg,NA,NA,NA,0,0,0,0,NA,NA,NA,NA
7,Commonwealth Housing 1989-1991 Knapp,Commonwealth Terrace Student Housing - Unit 07,CTSH007,Commonwealth,"1250 Fifield Street, Saint Paul 55108",Residential,Residential,Owned,1954,1/1/54,NA,NA,Partially Accessible,NA,4170.67,3273.35,476.87,420.44,3750.22,https://campusmaps.umn.edu/commonwealth-terrace-student-housing,http://egis.umn.edu/building_photos/site-building/02-384.jpg,NA,NA,NA,0,0,0,0,NA,NA,NA,NA
8,Commonwealth Housing 1983-1985 Knapp,Commonwealth Terrace Student Housing - Unit 08,CTSH008,Commonwealth,"1250 Fifield Street, Saint Paul 55108",Residential,Residential,Owned,1954,1/1/54,NA,NA,Partially Accessible,NA,4170.67,3273.35,476.87,420.44,3750.22,https://campusmaps.umn.edu/commonwealth-terrace-student-housing,http://egis.umn.edu/building_photos/site-building/02-384.jpg,NA,NA,NA,0,0,0,0,NA,NA,NA,NA
9,Commonwealth Housing 1977-1979 Knapp,Commonwealth Terrace Student Housing - Unit 09,CTSH009,Commonwealth,"1250 Fifield Street, Saint Paul 55108",Residential,Residential,Owned,1958,1/1/58,NA,NA,Partially Accessible,NA,4170.67,3273.35,476.87,420.44,3750.22,https://campusmaps.umn.edu/commonwealth-terrace-student-housing,http://egis.umn.edu/building_photos/site-building/02-384.jpg,NA,NA,NA,0,0,0,0,NA,NA,NA,NA
35,Commonwealth Housing 1246-1260 Gibbs Ave,Commonwealth Terrace Student Housing - Unit 35,CTSH035,Commonwealth,"1250 Fifield Street, Saint Paul 55108",Residential,Residential,Owned,1961,1/1/61,NA,NA,Partially Accessible,NA,6815.06,6039.49,253.76,521.81,6293.25,https://campusmaps.umn.edu/commonwealth-terrace-student-housing,http://egis.umn.edu/building_photos/site-building/02-384.jpg,NA,NA,NA,0,0,0,0,NA,NA,NA,NA
36,Commonwealth Housing 1266-1280 Gibbs Ave,Commonwealth Terrace Student Housing - Unit 36,CTSH036,Commonwealth,"1250 Fifield Street, Saint Paul 55108",Residential,Residential,Owned,1961,1/1/61,NA,NA,Partially Accessible,NA,6402,5935.49,0,466.51,5935.49,https://campusmaps.umn.edu/commonwealth-terrace-student-housing,http://egis.umn.edu/building_photos/site-building/02-384.jpg,NA,NA,NA,0,0,0,0,NA,NA,NA,NA
37,Commonwealth 1215-1225 Fifield St,Commonwealth Terrace Student Housing - Unit 37,CTSH037,Commonwealth,"1250 Fifield Street, Saint Paul 55108",Residential,Residential,Owned,1961,1/1/61,NA,NA,Partially Accessible,NA,5275.11,4563.61,284.67,426.83,4848.28,https://campusmaps.umn.edu/commonwealth-terrace-student-housing,http://egis.umn.edu/building_photos/site-building/02-384.jpg,NA,NA,NA,0,0,0,0,NA,NA,NA,NA
1,Como Housing 1000-1010,Como Student Housing 1000-1010,CSH001,Como Housing,"27th Avenue Se & Como Ave. Se, Minneapolis 55414",Residential,Residential,Owned,1974,1/1/74,NA,NA,NA,NA,33624.42,28175.39,3279.53,2169.49,31454.93,https://campusmaps.umn.edu/como-student-housing,http://egis.umn.edu/building_photos/site-building/01-151.jpg,NA,NA,NA,0,0,0,0,NA,NA,NA,NA
2,Como Housing 1012-1020,Como Student Housing 1012-1020,CSH002,Como Housing,"27th Avenue Se & Como Ave. Se, Minneapolis 55414",Residential,Residential,Owned,1974,1/1/74,NA,NA,NA,NA,33624.42,28195.45,3279.53,2149.44,31474.98,https://campusmaps.umn.edu/como-student-housing,http://egis.umn.edu/building_photos/site-building/01-151.jpg,NA,NA,NA,0,0,0,0,NA,NA,NA,NA
10,Commonwealth Housing 2042-2056 Knapp,Commonwealth Terrace Student Housing - Unit 10,CTSH010,Commonwealth,"1250 Fifield Street, Saint Paul 55108",Residential,Residential,Owned,1954,1/1/54,NA,NA,Partially Accessible,NA,6749.38,6018.97,214.74,515.67,6233.71,https://campusmaps.umn.edu/commonwealth-terrace-student-housing,http://egis.umn.edu/building_photos/site-building/02-384.jpg,NA,NA,NA,0,0,0,0,NA,NA,NA,NA
11,Commonwealth Housing 2026-2040 Knapp,Commonwealth Terrace Student Housing - Unit 11,CTSH011,Commonwealth,"1250 Fifield Street, Saint Paul 55108",Residential,Residential,Owned,1954,1/1/54,NA,NA,Partially Accessible,NA,6402,5935.49,0,466.51,5935.49,https://campusmaps.umn.edu/commonwealth-terrace-student-housing,http://egis.umn.edu/building_photos/site-building/02-384.jpg,NA,NA,NA,0,0,0,0,NA,NA,NA,NA
12,Commonwealth Housing 2014-2024 Knapp,Commonwealth Terrace Student Housing - Unit 12,CTSH012,Commonwealth,"1250 Fifield Street, Saint Paul 55108",Residential,Residential,Owned,1954,1/1/54,NA,NA,Partially Accessible,NA,4818,4451.61,0,366.39,4451.61,https://campusmaps.umn.edu/commonwealth-terrace-student-housing,http://egis.umn.edu/building_photos/site-building/02-384.jpg,NA,NA,NA,0,0,0,0,NA,NA,NA,NA
38,Commonwealth 1201-1211 Fifield St,Commonwealth Terrace Student Housing - Unit 38,CTSH038,Commonwealth,"1250 Fifield Street, Saint Paul 55108",Residential,Residential,Owned,1961,1/1/61,NA,NA,Partially Accessible,NA,4818,4451.61,0,366.39,4451.61,https://campusmaps.umn.edu/commonwealth-terrace-student-housing,http://egis.umn.edu/building_photos/site-building/02-384.jpg,NA,NA,NA,0,0,0,0,NA,NA,NA,NA
39,Commonwealth 1301-1315 Fifield St,Commonwealth Terrace Student Housing - Unit 39,CTSH039,Commonwealth,"1250 Fifield Street, Saint Paul 55108",Residential,Residential,Owned,1961,1/1/61,NA,NA,Partially Accessible,NA,7208.05,6400.37,247.06,560.62,6647.43,https://campusmaps.umn.edu/commonwealth-terrace-student-housing,http://egis.umn.edu/building_photos/site-building/02-384.jpg,NA,NA,NA,0,0,0,0,NA,NA,NA,NA
40,Commonwealth Housing 1316-1330 Gibbs Ave,Commonwealth Terrace Student Housing - Unit 40,CTSH040,Commonwealth,"1250 Fifield Street, Saint Paul 55108",Residential,Residential,Owned,1961,1/1/61,NA,NA,Partially Accessible,NA,6402,5935.49,0,466.51,5935.49,https://campusmaps.umn.edu/commonwealth-terrace-student-housing,http://egis.umn.edu/building_photos/site-building/02-384.jpg,NA,NA,NA,0,0,0,0,NA,NA,NA,NA
4,Como Housing 1026-1032,Como Student Housing 1026-1032,CSH004,Como Housing,"27th Avenue Se & Como Ave. Se, Minneapolis 55414",Residential,Residential,Owned,1974,1/1/74,NA,NA,NA,NA,22866.67,18980.06,2388.53,1498.07,21368.59,https://campusmaps.umn.edu/como-student-housing,http://egis.umn.edu/building_photos/site-building/01-151.jpg,NA,NA,NA,0,0,0,0,NA,NA,NA,NA
5,Como Housing 1034-1044,Como Student Housing 1034-1044,CSH005,Como Housing,"27th Avenue Se & Como Ave. Se, Minneapolis 55414",Residential,Residential,Owned,1974,1/1/74,NA,NA,NA,NA,33624.42,28194.51,3279.53,2150.38,31474.04,https://campusmaps.umn.edu/como-student-housing,http://egis.umn.edu/building_photos/site-building/01-151.jpg,NA,NA,NA,0,0,0,0,NA,NA,NA,NA
13,Commonwealth Housing 2002-2012 Knapp,Commonwealth Terrace Student Housing - Unit 13,CTSH013,Commonwealth,"1250 Fifield Street, Saint Paul 55108",Residential,Residential,Owned,1954,1/1/54,NA,NA,Partially Accessible,NA,5200.52,4531.61,246.5,422.41,4778.11,https://campusmaps.umn.edu/commonwealth-terrace-student-housing,http://egis.umn.edu/building_photos/site-building/02-384.jpg,NA,NA,NA,0,0,0,0,NA,NA,NA,NA
15,Commonwealth 1283-1297 Fifield Pl,Commonwealth Terrace Student Housing - Unit 15,CTSH015,Commonwealth,"1250 Fifield Street, Saint Paul 55108",Residential,Residential,Owned,1954,1/1/54,NA,NA,Partially Accessible,NA,6402,5935.49,0,466.51,5935.49,https://campusmaps.umn.edu/commonwealth-terrace-student-housing,http://egis.umn.edu/building_photos/site-building/02-384.jpg,NA,NA,NA,0,0,0,0,NA,NA,NA,NA
16,Commonwealth 1267-1281 Fifield Pl,Commonwealth Terrace Student Housing - Unit 16,CTSH016,Commonwealth,"1250 Fifield Street, Saint Paul 55108",Residential,Residential,Owned,1954,1/1/54,NA,NA,Partially Accessible,NA,6721.85,6015.49,192.92,513.44,6208.41,https://campusmaps.umn.edu/commonwealth-terrace-student-housing,http://egis.umn.edu/building_photos/site-building/02-384.jpg,NA,NA,NA,0,0,0,0,NA,NA,NA,NA
41,Commonwealth Housing 1300-1314 Gibbs Ave,Commonwealth Terrace Student Housing - Unit 41,CTSH041,Commonwealth,"1250 Fifield Street, Saint Paul 55108",Residential,Residential,Owned,1961,1/1/61,NA,NA,Partially Accessible,NA,6402,5935.49,0,466.51,5935.49,https://campusmaps.umn.edu/commonwealth-terrace-student-housing,http://egis.umn.edu/building_photos/site-building/02-384.jpg,NA,NA,NA,0,0,0,0,NA,NA,NA,NA
42,Commonwealth 1214-1224 Fifield St,Commonwealth Terrace Student Housing - Unit 42,CTSH042,Commonwealth,"1250 Fifield Street, Saint Paul 55108",Residential,Residential,Owned,1961,1/1/61,NA,NA,Partially Accessible,NA,5275.11,4563.61,284.67,426.83,4848.28,https://campusmaps.umn.edu/commonwealth-terrace-student-housing,http://egis.umn.edu/building_photos/site-building/02-384.jpg,NA,NA,NA,0,0,0,0,NA,NA,NA,NA
43,Commonwealth 1200-1210 Fifield St,Commonwealth Terrace Student Housing - Unit 43,CTSH043,Commonwealth,"1250 Fifield Street, Saint Paul 55108",Residential,Residential,Owned,1961,1/1/61,NA,NA,Partially Accessible,NA,4818,4451.61,0,366.39,4451.61,https://campusmaps.umn.edu/commonwealth-terrace-student-housing,http://egis.umn.edu/building_photos/site-building/02-384.jpg,NA,NA,NA,0,0,0,0,NA,NA,NA,NA
6,Como Housing 1046-1056,Como Student Housing 1046-1056,CSH006,Como Housing,"27th Avenue Se & Como Ave. Se, Minneapolis 55414",Residential,Residential,Owned,1974,1/1/74,NA,NA,NA,NA,33624.42,28175.39,3279.53,2169.49,31454.93,https://campusmaps.umn.edu/como-student-housing,http://egis.umn.edu/building_photos/site-building/01-151.jpg,NA,NA,NA,0,0,0,0,NA,NA,NA,NA
7,Como Housing 1001-1011,Como Student Housing 1001-1011,CSH007,Como Housing,"27th Avenue Se & Como Ave. Se, Minneapolis 55414",Residential,Residential,Owned,1974,1/1/74,NA,NA,NA,NA,33624.42,28199.28,3279.53,2145.6,31478.81,https://campusmaps.umn.edu/como-student-housing,http://egis.umn.edu/building_photos/site-building/01-151.jpg,NA,NA,NA,0,0,0,0,NA,NA,NA,NA
17,Commonwealth 1249-1263 Fifield Pl,Commonwealth Terrace Student Housing - Unit 17,CTSH017,Commonwealth,"1250 Fifield Street, Saint Paul 55108",Residential,Residential,Owned,1958,1/1/58,NA,NA,Partially Accessible,NA,6864.29,6039.49,294.98,529.82,6334.47,https://campusmaps.umn.edu/commonwealth-terrace-student-housing,http://egis.umn.edu/building_photos/site-building/02-384.jpg,NA,NA,NA,0,0,0,0,NA,NA,NA,NA
18,Commonwealth Housing 1231-1245 Knapp,Commonwealth Terrace Student Housing - Unit 18,CTSH018,Commonwealth,"1250 Fifield Street, Saint Paul 55108",Residential,Residential,Owned,1958,1/1/58,NA,NA,Partially Accessible,NA,8042.97,6618.06,723.68,701.23,7341.74,https://campusmaps.umn.edu/commonwealth-terrace-student-housing,http://egis.umn.edu/building_photos/site-building/02-384.jpg,NA,NA,NA,0,0,0,0,NA,NA,NA,NA
19,Commonwealth Housing 1283-1293 Gibbs,Commonwealth Terrace Student Housing - Unit 19,CTSH019,Commonwealth,"1250 Fifield Street, Saint Paul 55108",Residential,Residential,Owned,1958,1/1/58,NA,NA,Partially Accessible,NA,4818,4451.61,0,366.39,4451.61,https://campusmaps.umn.edu/commonwealth-terrace-student-housing,http://egis.umn.edu/building_photos/site-building/02-384.jpg,NA,NA,NA,0,0,0,0,NA,NA,NA,NA
44,Commonwealth 1184-1198 Fifield St,Commonwealth Terrace Student Housing - Unit 44,CTSH044,Commonwealth,"1250 Fifield Street, Saint Paul 55108",Residential,Residential,Owned,1961,1/1/61,NA,NA,Partially Accessible,NA,6821.86,6003.49,292.35,526.03,6295.83,https://campusmaps.umn.edu/commonwealth-terrace-student-housing,http://egis.umn.edu/building_photos/site-building/02-384.jpg,NA,NA,NA,0,0,0,0,NA,NA,NA,NA
45,Commonwealth 1174-1176 Fifield St,Commonwealth Terrace Student Housing - Unit 45,CTSH045,Commonwealth,"1250 Fifield Street, Saint Paul 55108",Residential,Residential,Owned,1961,1/1/61,NA,NA,Partially Accessible,NA,4170.67,3273.35,476.87,420.44,3750.22,https://campusmaps.umn.edu/commonwealth-terrace-student-housing,http://egis.umn.edu/building_photos/site-building/02-384.jpg,NA,NA,NA,0,0,0,0,NA,NA,NA,NA
46,Commonwealth 1166-1168 Fifield St,Commonwealth Terrace Student Housing - Unit 46,CTSH046,Commonwealth,"1250 Fifield Street, Saint Paul 55108",Residential,Residential,Owned,1961,1/1/61,NA,NA,Partially Accessible,NA,4170.67,1684.94,2065.28,420.44,3750.22,https://campusmaps.umn.edu/commonwealth-terrace-student-housing,http://egis.umn.edu/building_photos/site-building/02-384.jpg,NA,NA,NA,0,0,0,0,NA,NA,NA,NA
8,Como Housing 1015-1025,Como Student Housing 1015-1025,CSH008,Como Housing,"27th Avenue Se & Como Ave. Se, Minneapolis 55414",Residential,Residential,Owned,1974,1/1/74,NA,NA,NA,NA,33624.42,28187.34,3279.53,2157.55,31466.87,https://campusmaps.umn.edu/como-student-housing,http://egis.umn.edu/building_photos/site-building/01-151.jpg,NA,NA,NA,0,0,0,0,NA,NA,NA,NA
9,Como Housing 1027-1033,Como Student Housing 1027-1033,CSH009,Como Housing,"27th Avenue Se & Como Ave. Se, Minneapolis 55414",Residential,Residential,Owned,1974,1/1/74,NA,NA,NA,NA,22866.67,18980.06,2388.53,1498.07,21368.59,https://campusmaps.umn.edu/como-student-housing,http://egis.umn.edu/building_photos/site-building/01-151.jpg,NA,NA,NA,0,0,0,0,NA,NA,NA,NA
20,Commonwealth Housing 1271-1281 Gibbs,Commonwealth Terrace Student Housing - Unit 20,CTSH020,Commonwealth,"1250 Fifield Street, Saint Paul 55108",Residential,Residential,Owned,1958,1/1/58,NA,NA,Partially Accessible,NA,5224.05,4555.61,247.06,421.38,4802.67,https://campusmaps.umn.edu/commonwealth-terrace-student-housing,http://egis.umn.edu/building_photos/site-building/02-384.jpg,NA,NA,NA,0,0,0,0,NA,NA,NA,NA
21,Commonwealth Housing 1255-1269 Gibbs,Commonwealth Terrace Student Housing - Unit 21,CTSH021,Commonwealth,"1250 Fifield Street, Saint Paul 55108",Residential,Residential,Owned,1958,1/1/58,NA,NA,Partially Accessible,NA,6402,5935.49,0,466.51,5935.49,https://campusmaps.umn.edu/commonwealth-terrace-student-housing,http://egis.umn.edu/building_photos/site-building/02-384.jpg,NA,NA,NA,0,0,0,0,NA,NA,NA,NA
22,Commonwealth Housing 1243-1253 Gibbs,Commonwealth Terrace Student Housing - Unit 22,CTSH022,Commonwealth,"1250 Fifield Street, Saint Paul 55108",Residential,Residential,Owned,1958,1/1/58,NA,NA,Partially Accessible,NA,5231.06,4555.6,253.76,421.7,4809.36,https://campusmaps.umn.edu/commonwealth-terrace-student-housing,http://egis.umn.edu/building_photos/site-building/02-384.jpg,NA,NA,NA,0,0,0,0,NA,NA,NA,NA
47,Commonwealth 1158-1160 Fifield St,Commonwealth Terrace Student Housing - Unit 47,CTSH047,Commonwealth,"1250 Fifield Street, Saint Paul 55108",Residential,Residential,Owned,1961,1/1/61,NA,NA,Partially Accessible,NA,4170.67,3273.35,476.87,420.44,3750.22,https://campusmaps.umn.edu/commonwealth-terrace-student-housing,http://egis.umn.edu/building_photos/site-building/02-384.jpg,NA,NA,NA,0,0,0,0,NA,NA,NA,NA
48,Commonwealth 1164-1170 Fifield St,Commonwealth Terrace Student Housing - Unit 48,CTSH048,Commonwealth,"1250 Fifield Street, Saint Paul 55108",Residential,Residential,Owned,1961,1/1/61,NA,NA,Partially Accessible,NA,4170.67,3273.35,476.87,420.44,3750.22,https://campusmaps.umn.edu/commonwealth-terrace-student-housing,http://egis.umn.edu/building_photos/site-building/02-384.jpg,NA,NA,NA,0,0,0,0,NA,NA,NA,NA
49,Commonwealth 1172-1179 Fifield St,Commonwealth Terrace Student Housing - Unit 49,CTSH049,Commonwealth,"1250 Fifield Street, Saint Paul 55108",Residential,Residential,Owned,1961,1/1/61,NA,NA,Partially Accessible,NA,4170.67,3273.35,476.87,420.44,3750.22,https://campusmaps.umn.edu/commonwealth-terrace-student-housing,http://egis.umn.edu/building_photos/site-building/02-384.jpg,NA,NA,NA,0,0,0,0,NA,NA,NA,NA
10,Como Housing 1035-1041,Como Student Housing 1035-1041,CSH010,Como Housing,"27th Avenue Se & Como Ave. Se, Minneapolis 55414",Residential,Residential,Owned,1974,1/1/74,NA,NA,NA,NA,22866.67,18980.06,2388.53,1498.07,21368.59,https://campusmaps.umn.edu/como-student-housing,http://egis.umn.edu/building_photos/site-building/01-151.jpg,NA,NA,NA,0,0,0,0,NA,NA,NA,NA
11,Como Housing 1043-1053,Como Student Housing 1043-1053,CSH011,Como Housing,"27th Avenue Se & Como Ave. Se, Minneapolis 55414",Residential,Residential,Owned,1974,1/1/74,NA,NA,NA,NA,33624.42,28175.39,3279.53,2169.49,31454.93,https://campusmaps.umn.edu/como-student-housing,http://egis.umn.edu/building_photos/site-building/01-151.jpg,NA,NA,NA,0,0,0,0,NA,NA,NA,NA
23,Commonwealth Housing 1231-1241 Gibbs,Commonwealth Terrace Student Housing - Unit 23,CTSH023,Commonwealth,"1250 Fifield Street, Saint Paul 55108",Residential,Residential,Owned,1958,1/1/58,NA,NA,Partially Accessible,NA,4818,4451.61,0,366.39,4451.61,https://campusmaps.umn.edu/commonwealth-terrace-student-housing,http://egis.umn.edu/building_photos/site-building/02-384.jpg,NA,NA,NA,0,0,0,0,NA,NA,NA,NA
24,Commonwealth Housing 1215-1229 Gibbs,Commonwealth Terrace Student Housing - Unit 24,CTSH024,Commonwealth,"1250 Fifield Street, Saint Paul 55108",Residential,Residential,Owned,1958,1/1/58,NA,NA,Partially Accessible,NA,6775.74,6039.49,218.07,518.18,6257.56,https://campusmaps.umn.edu/commonwealth-terrace-student-housing,http://egis.umn.edu/building_photos/site-building/02-384.jpg,NA,NA,NA,0,0,0,0,NA,NA,NA,NA
25,Commonwealth Housing 1222-1224 Gibbs Ave,Commonwealth Terrace Student Housing - Unit 25,CTSH025,Commonwealth,"1250 Fifield Street, Saint Paul 55108",Residential,Residential,Owned,1958,1/1/58,NA,NA,Partially Accessible,NA,4170.67,3273.35,476.87,420.44,3750.22,https://campusmaps.umn.edu/commonwealth-terrace-student-housing,http://egis.umn.edu/building_photos/site-building/02-384.jpg,NA,NA,NA,0,0,0,0,NA,NA,NA,NA
50,Commonwealth Housing 1982-2000 Knapp,Commonwealth Terrace Student Housing - Unit 50,CTSH050,Commonwealth,"1250 Fifield Street, Saint Paul 55108",Residential,Residential,Owned,1974,1/1/74,2006,NA,Partially Accessible,NA,8068.11,7206.04,233.2,628.87,7439.24,https://campusmaps.umn.edu/commonwealth-terrace-student-housing,http://egis.umn.edu/building_photos/site-building/02-384.jpg,NA,NA,NA,0,0,0,0,NA,NA,NA,NA
51,Commonwealth 1252-1268 Fifield St,Commonwealth Terrace Student Housing - Unit 51,CTSH051,Commonwealth,"1250 Fifield Street, Saint Paul 55108",Residential,Residential,Owned,1974,1/1/74,2007,NA,Partially Accessible,NA,6870.25,6339.75,0,530.5,6339.75,https://campusmaps.umn.edu/commonwealth-terrace-student-housing,http://egis.umn.edu/building_photos/site-building/02-384.jpg,NA,NA,NA,0,0,0,0,NA,NA,NA,NA
53,Commonwealth 1276-1298 Fifield Pl,Commonwealth Terrace Student Housing - Unit 53,CTSH053,Commonwealth,"1250 Fifield Street, Saint Paul 55108",Residential,Residential,Owned,1974,1/1/74,2008,NA,Partially Accessible,NA,12857.5,11970,0,887.5,11970,https://campusmaps.umn.edu/commonwealth-terrace-student-housing,http://egis.umn.edu/building_photos/site-building/02-384.jpg,NA,NA,NA,0,0,0,0,NA,NA,NA,NA
12,Como Housing 1058-1064,Como Student Housing 1058-1064,CSH012,Como Housing,"27th Avenue Se & Como Ave. Se, Minneapolis 55414",Residential,Residential,Owned,1974,1/1/74,NA,NA,NA,NA,22866.67,18980.06,2388.53,1498.07,21368.59,https://campusmaps.umn.edu/como-student-housing,http://egis.umn.edu/building_photos/site-building/01-151.jpg,NA,NA,NA,0,0,0,0,NA,NA,NA,NA
13,Como Housing 1066-1072,Como Student Housing 1066-1072,CSH013,Como Housing,"27th Avenue Se & Como Ave. Se, Minneapolis 55414",Residential,Residential,Owned,1974,1/1/74,NA,NA,NA,NA,22866.67,18980.06,2388.53,1498.07,21368.59,https://campusmaps.umn.edu/como-student-housing,http://egis.umn.edu/building_photos/site-building/01-151.jpg,NA,NA,NA,0,0,0,0,NA,NA,NA,NA
26,Commonwealth Housing 1186-1188 Gibbs Ave,Commonwealth Terrace Student Housing - Unit 26,CTSH026,Commonwealth,"1250 Fifield Street, Saint Paul 55108",Residential,Residential,Owned,1958,1/1/58,NA,NA,Partially Accessible,NA,4170.67,3273.35,476.87,420.44,3750.22,https://campusmaps.umn.edu/commonwealth-terrace-student-housing,http://egis.umn.edu/building_photos/site-building/02-384.jpg,NA,NA,NA,0,0,0,0,NA,NA,NA,NA
27,Commonwealth Housing 1179-1180 Gibbs Ave,Commonwealth Terrace Student Housing - Unit 27,CTSH027,Commonwealth,"1250 Fifield Street, Saint Paul 55108",Residential,Residential,Owned,1958,1/1/58,NA,NA,Partially Accessible,NA,4170.67,3273.35,476.87,420.44,3750.22,https://campusmaps.umn.edu/commonwealth-terrace-student-housing,http://egis.umn.edu/building_photos/site-building/02-384.jpg,NA,NA,NA,0,0,0,0,NA,NA,NA,NA
28,Commonwealth 1157-1159 Fifield St,Commonwealth Terrace Student Housing - Unit 28,CTSH028,Commonwealth,"1250 Fifield Street, Saint Paul 55108",Residential,Residential,Owned,1958,1/1/58,NA,NA,Partially Accessible,NA,4170.67,3273.35,476.87,420.44,3750.22,https://campusmaps.umn.edu/commonwealth-terrace-student-housing,http://egis.umn.edu/building_photos/site-building/02-384.jpg,NA,NA,NA,0,0,0,0,NA,NA,NA,NA
54,Commonwealth Housing 1224-1242 Ray Place,Commonwealth Terrace Student Housing - Unit 54,CTSH054,Commonwealth,"1250 Fifield Street, Saint Paul 55108",Residential,Residential,Owned,1974,1/1/74,2009,NA,Partially Accessible,NA,10719.33,9975,0,744.33,9975,https://campusmaps.umn.edu/commonwealth-terrace-student-housing,http://egis.umn.edu/building_photos/site-building/02-384.jpg,NA,NA,NA,0,0,0,0,NA,NA,NA,NA
55,Commonwealth Housing 1223-1247 Ray Place,Commonwealth Terrace Student Housing - Unit 55,CTSH055,Commonwealth,"1250 Fifield Street, Saint Paul 55108",Residential,Residential,Owned,1974,1/1/74,2006,NA,Partially Accessible,NA,11156.17,10089.46,224.25,842.46,10313.71,https://campusmaps.umn.edu/commonwealth-terrace-student-housing,http://egis.umn.edu/building_photos/site-building/02-384.jpg,NA,NA,NA,0,0,0,0,NA,NA,NA,NA
1,Commonwealth Housing 2053-2059 Knapp,Commonwealth Terrace Student Housing - Unit 01,CTSH001,Commonwealth,"1250 Fifield Street, Saint Paul 55108",Residential,Residential,Owned,1958,1/1/58,NA,NA,Partially Accessible,NA,4170.67,3273.35,476.87,420.44,3750.22,https://campusmaps.umn.edu/commonwealth-terrace-student-housing,http://egis.umn.edu/building_photos/site-building/02-384.jpg,NA,NA,NA,0,0,0,0,NA,NA,NA,NA
2,Commonwealth Housing 2045-2051 Knapp,Commonwealth Terrace Student Housing - Unit 02,CTSH002,Commonwealth,"1250 Fifield Street, Saint Paul 55108",Residential,Residential,Owned,1954,1/1/54,NA,NA,Partially Accessible,NA,4170.67,3273.35,476.87,420.44,3750.22,https://campusmaps.umn.edu/commonwealth-terrace-student-housing,http://egis.umn.edu/building_photos/site-building/02-384.jpg,NA,NA,NA,0,0,0,0,NA,NA,NA,NA
3,Commonwealth Housing 2055-2057 Knapp,Commonwealth Terrace Student Housing - Unit 03,CTSH003,Commonwealth,"1250 Fifield Street, Saint Paul 55108",Residential,Residential,Owned,1954,1/1/54,NA,NA,Partially Accessible,NA,4170.67,3273.35,476.87,420.44,3750.22,https://campusmaps.umn.edu/commonwealth-terrace-student-housing,http://egis.umn.edu/building_photos/site-building/02-384.jpg,NA,NA,NA,0,0,0,0,NA,NA,NA,NA
29,Commonwealth 1165-1167 Fifield St,Commonwealth Terrace Student Housing - Unit 29,CTSH029,Commonwealth,"1250 Fifield Street, Saint Paul 55108",Residential,Residential,Owned,1958,1/1/58,NA,NA,Partially Accessible,NA,4170.67,3273.35,476.87,420.44,3750.22,https://campusmaps.umn.edu/commonwealth-terrace-student-housing,http://egis.umn.edu/building_photos/site-building/02-384.jpg,NA,NA,NA,0,0,0,0,NA,NA,NA,NA
30,Commonwealth 1173-1175 Fifield St,Commonwealth Terrace Student Housing - Unit 30,CTSH030,Commonwealth,"1250 Fifield Street, Saint Paul 55108",Residential,Residential,Owned,1958,1/1/58,NA,NA,Partially Accessible,NA,4170.67,3273.35,476.87,420.44,3750.22,https://campusmaps.umn.edu/commonwealth-terrace-student-housing,http://egis.umn.edu/building_photos/site-building/02-384.jpg,NA,NA,NA,0,0,0,0,NA,NA,NA,NA
31,Commonwealth 1197-1211 Raleigh St,Commonwealth Terrace Student Housing - Unit 31,CTSH031,Commonwealth,"1250 Fifield Street, Saint Paul 55108",Residential,Residential,Owned,1961,1/1/61,NA,NA,Partially Accessible,NA,6859.11,6047.49,284.67,526.96,6332.15,https://campusmaps.umn.edu/commonwealth-terrace-student-housing,http://egis.umn.edu/building_photos/site-building/02-384.jpg,NA,NA,NA,0,0,0,0,NA,NA,NA,NA
56,Commonwealth Housing 1204-1222 Ray Place,Commonwealth Terrace Student Housing - Unit 56,CTSH056,Commonwealth,"1250 Fifield Street, Saint Paul 55108",Residential,Residential,Owned,1974,1/1/74,2005,NA,Partially Accessible,NA,7628.75,7044.17,0,584.58,7044.17,https://campusmaps.umn.edu/commonwealth-terrace-student-housing,http://egis.umn.edu/building_photos/site-building/02-384.jpg,NA,NA,NA,0,0,0,0,NA,NA,NA,NA
57,Commonwealth Housing 1203-1221 Ray Place,Commonwealth Terrace Student Housing - Unit 57,CTSH057,Commonwealth,"1250 Fifield Street, Saint Paul 55108",Residential,Residential,Owned,1974,1/1/74,2002,NA,Partially Accessible,NA,8058.88,7269.17,168.75,620.96,7437.92,https://campusmaps.umn.edu/commonwealth-terrace-student-housing,http://egis.umn.edu/building_photos/site-building/02-384.jpg,NA,NA,NA,0,0,0,0,NA,NA,NA,NA
4,Commonwealth Housing 2047-2049 Knapp,Commonwealth Terrace Student Housing - Unit 04,CTSH004,Commonwealth,"1250 Fifield Street, Saint Paul 55108",Residential,Residential,Owned,1954,1/1/54,NA,NA,Partially Accessible,NA,4170.67,3273.35,476.87,420.44,3750.22,https://campusmaps.umn.edu/commonwealth-terrace-student-housing,http://egis.umn.edu/building_photos/site-building/02-384.jpg,NA,NA,NA,0,0,0,0,NA,NA,NA,NA
5,Commonwealth Housing 2039-2041 Knapp,Commonwealth Terrace Student Housing - Unit 05,CTSH005,Commonwealth,"1250 Fifield Street, Saint Paul 55108",Residential,Residential,Owned,1954,1/1/54,NA,NA,Partially Accessible,NA,4170.67,3273.35,476.87,420.44,3750.22,https://campusmaps.umn.edu/commonwealth-terrace-student-housing,http://egis.umn.edu/building_photos/site-building/02-384.jpg,NA,NA,NA,0,0,0,0,NA,NA,NA,NA
6,Commonwealth Housing 2031-2033 Knapp,Commonwealth Terrace Student Housing - Unit 06,CTSH006,Commonwealth,"1250 Fifield Street, Saint Paul 55108",Residential,Residential,Owned,1954,1/1/54,NA,NA,Partially Accessible,NA,4170.67,3273.35,476.87,420.44,3750.22,https://campusmaps.umn.edu/commonwealth-terrace-student-housing,http://egis.umn.edu/building_photos/site-building/02-384.jpg,NA,NA,NA,0,0,0,0,NA,NA,NA,NA
32,Commonwealth 1179-1193 Raleigh St,Commonwealth Terrace Student Housing - Unit 32,CTSH032,Commonwealth,"1250 Fifield Street, Saint Paul 55108",Residential,Residential,Owned,1961,1/1/61,NA,NA,Partially Accessible,NA,6859.12,6047.49,284.67,526.97,6332.15,https://campusmaps.umn.edu/commonwealth-terrace-student-housing,http://egis.umn.edu/building_photos/site-building/02-384.jpg,NA,NA,NA,0,0,0,0,NA,NA,NA,NA
33,Commonwealth 1165-1175 Raleigh St,Commonwealth Terrace Student Housing - Unit 33,CTSH033,Commonwealth,"1250 Fifield Street, Saint Paul 55108",Residential,Residential,Owned,1961,1/1/61,NA,NA,Partially Accessible,NA,4818,4451.61,0,366.39,4451.61,https://campusmaps.umn.edu/commonwealth-terrace-student-housing,http://egis.umn.edu/building_photos/site-building/02-384.jpg,NA,NA,NA,0,0,0,0,NA,NA,NA,NA
34,Commonwealth Housing 1226-1240 Gibbs Ave,Commonwealth Terrace Student Housing - Unit 34,CTSH034,Commonwealth,"1250 Fifield Street, Saint Paul 55108",Residential,Residential,Owned,1961,1/1/61,NA,NA,Partially Accessible,NA,6402,5935.49,0,466.51,5935.49,https://campusmaps.umn.edu/commonwealth-terrace-student-housing,http://egis.umn.edu/building_photos/site-building/02-384.jpg,NA,NA,NA,0,0,0,0,NA,NA,NA,NA
58,Commonwealth Housing 1180-1202 Ray Place,Commonwealth Terrace Student Housing - Unit 58,CTSH058,Commonwealth,"1250 Fifield Street, Saint Paul 55108",Residential,Residential,Owned,1974,1/1/74,2004,NA,Partially Accessible,NA,9346.81,8629.03,0,717.78,8629.03,https://campusmaps.umn.edu/commonwealth-terrace-student-housing,http://egis.umn.edu/building_photos/site-building/02-384.jpg,NA,NA,NA,0,0,0,0,NA,NA,NA,NA
59,Commonwealth Housing 1183-1213 Gibbs Ave,Commonwealth Terrace Student Housing - Unit 59,CTSH059,Commonwealth,"1250 Fifield Street, Saint Paul 55108",Residential,Residential,Owned,1974,1/1/74,2003,NA,Partially Accessible,NA,12191.59,11270.67,0,920.92,11270.67,https://campusmaps.umn.edu/commonwealth-terrace-student-housing,http://egis.umn.edu/building_photos/site-building/02-384.jpg,NA,NA,NA,0,0,0,0,NA,NA,NA,NA
1,Pillsbury Court Apts 1000-1010,Pillsbury Court Apts 1000-1010,PC001,Pillsbury Court,"10th Avenue Se & 5th Street Se, Minneapolis 55455",Residential,Residential,Owned,1964,1/1/64,NA,NA,Not Accessible,NA,8470,7486.81,0,983.19,7486.81,https://campusmaps.umn.edu/pillsbury-court-apts,http://egis.umn.edu/building_photos/PillsCt/photo.jpg,NA,NA,NA,0,0,0,0,NA,NA,NA,NA
2,Pillsbury Court Apts 1012-1022,Pillsbury Court Apts 1012-1022,PC002,Pillsbury Court,"10th Avenue Se & 5th Street Se, Minneapolis 55455",Residential,Residential,Owned,1964,1/1/64,NA,NA,Not Accessible,NA,8470,7486.81,0,983.19,7486.81,https://campusmaps.umn.edu/pillsbury-court-apts,http://egis.umn.edu/building_photos/PillsCt/photo.jpg,NA,NA,NA,0,0,0,0,NA,NA,NA,NA
3,Pillsbury Court Apts 1030-1040,Pillsbury Court Apts 1030-1040,PC003,Pillsbury Court,"10th Avenue Se & 5th Street Se, Minneapolis 55455",Residential,Residential,Owned,1964,1/1/64,NA,NA,Not Accessible,NA,8470,7486.81,0,983.19,7486.81,https://campusmaps.umn.edu/pillsbury-court-apts,http://egis.umn.edu/building_photos/PillsCt/photo.jpg,NA,NA,NA,0,0,0,0,NA,NA,NA,NA
4,Pillsbury Court Apts 1042-1052,Pillsbury Court Apts 1042-1052,PC004,Pillsbury Court,"10th Avenue Se & 5th Street Se, Minneapolis 55455",Residential,Residential,Owned,1964,1/1/64,NA,NA,Not Accessible,NA,8470,7486.81,0,983.19,7486.81,https://campusmaps.umn.edu/pillsbury-court-apts,http://egis.umn.edu/building_photos/PillsCt/photo.jpg,NA,NA,NA,0,0,0,0,NA,NA,NA,NA
64,Coffman Memorial Union,Coffman Memorial Union,CMU,Minneapolis Campus,"300 Washington Avenue SE, Minneapolis 55455",Social / Student Life,Social / Student Life,Owned,1939,1/1/39,2001,NA,Accessible,LISTED,352331.98,188765.19,110536.61,53030.17,299301.8,http://campusmaps.umn.edu/coffman-memorial-union,http://egis.umn.edu/building_photos/site-building/01-064.jpg,9,8,5,0,5,156,0,84,62,76,105
173,Child Development Lab School,Child Development Laboratory School,CDLS,Minneapolis Campus,"921 17th Avenue SE, Minneapolis 55455",Social / Student Life,Social / Student Life,Owned,1991,1/1/91,NA,NA,Accessible,NA,31976.33,21033.44,7184.27,3758.62,28217.72,https://campusmaps.umn.edu/child-development-laboratory-school,https://campusmaps.umn.edu/sites/campusmaps.umn.edu/files/styles/folwell_full/public/2022-06/child_development_laboratory_school.jpg?itok=IhuO4p33,1,1,1,2,7,22,0,4,7,5,5
912,Off-Campus Safety Center,Off-Campus Safety Center,OCSC,Minneapolis Campus,"315 14th Avenue SE, Minneapolis 55414",Social / Student Life,Social / Student Life,Leased,2024,8/9/24,NA,NA,NA,NA,4744.27,4019.87,197.91,526.49,4217.78,https://campusmaps.umn.edu/off-campus-safety-center,https://egis.umn.edu/building_photos/01-912.jpg,0,0,1,0,0,1,0,NA,NA,NA,NA
376,Student Center,Student Center,STCEN,St. Paul Campus,"2017 Buford Avenue, Saint Paul 55108",Social / Student Life,Social / Student Life,Owned,1957,1/1/57,NA,NA,Accessible,NA,88047,51286.82,25730.89,11029.3,77017.71,http://campusmaps.umn.edu/st-paul-student-center,http://egis.umn.edu/building_photos/site-building/02-376.jpg,4,4,0,0,1,24,0,24,27,24,32
390,Dining Center,Dining Center,DINC,St. Paul Campus,"2011 Buford Avenue, Saint Paul 55108",Social / Student Life,Social / Student Life,Owned,1958,1/1/58,1981,NA,Accessible,NA,33214.98,19075.39,10580.55,3559.03,29655.94,http://campusmaps.umn.edu/dining-center,https://campusmaps.umn.edu/sites/campusmaps.umn.edu/files/styles/folwell_full/public/2022-06/dining_center.jpg?itok=FNkFVP8h,1,1,0,0,0,5,0,2,3,0,10
418,Commonwealth Terrace Community Cent,Commonwealth Terrace Community Center,CTCC,Commonwealth,"1250 Fifield Street, Saint Paul 55108",Social / Student Life,Social / Student Life,Owned,1976,1/1/76,NA,NA,Accessible,NA,10525.43,8005.7,1327.25,1192.48,9332.95,http://campusmaps.umn.edu/commonwealth-terrace-community-center,https://campusmaps.umn.edu/sites/campusmaps.umn.edu/files/styles/folwell_full/public/2022-06/commonwealth_terrace_community_center.jpg?itok=KDm1uhs4,0,0,2,0,0,7,0,NA,NA,NA,NA
150,Como Community Center,Como Community Center,COMOCC,Como Housing,"1024 27th Avenue SE, Minneapolis 55414",Social / Student Life,Social / Student Life,Owned,1974,1/1/74,NA,NA,Partially Accessible,NA,9277.22,7234.9,1344.21,698.12,8579.11,http://campusmaps.umn.edu/como-community-center,https://campusmaps.umn.edu/sites/campusmaps.umn.edu/files/styles/folwell_full/public/2022-06/como_community_center.jpg?itok=tbyg915n,0,0,3,0,0,13,0,NA,NA,NA,NA